Dependents,ApplicantIncome,LoanAmount,Loan_Amount_Term,Credit_History,Gender_Male,Gender_nan,Married_Yes,Married_nan,Self_Employed_Yes,Self_Employed_nan,Education_Not Graduate,Property_Area_Semiurban,Property_Area_Urban,Loan_Status_Y,TotalIncome
0,1.084523214,1.058140147,0.75,1,1,0,0,0,0,0,0,0,1,1,0.841085716
0.333333333,0.925882968,1.047318994,0.75,1,1,0,1,0,0,0,0,0,0,0,0.871710972
0,0.683858242,0.635920365,0.75,1,1,0,1,0,1,0,0,0,1,1,0.38518942
0,0.608992202,1.002823958,0.75,1,1,0,1,0,0,0,1,0,1,1,0.717011603
0,1.101868905,1.115649785,0.75,1,1,0,0,0,0,0,0,0,1,1,0.860304613
0.666666667,1.033169236,1.610445157,0.75,1,1,0,1,0,1,0,0,0,1,1,1.23562847
0,0.561264569,0.849455001,0.75,1,1,0,1,0,0,0,1,0,1,1,0.544003871
1,0.690066175,1.1984927,0.75,0,1,0,1,0,0,0,0,1,0,0,0.800566701
0.666666667,0.8442893,1.244199273,0.75,1,1,0,1,0,0,0,0,0,1,1,0.799495549
0.333333333,1.677956293,1.836789651,0.75,1,1,0,1,0,0,0,0,1,0,0,2.037432777
0.666666667,0.717869053,0.668226829,0.75,1,1,0,1,0,0,0,0,0,1,1,0.552786292
0.666666667,0.593397856,0.938219081,0.75,1,1,0,1,0,0,1,0,0,1,1,0.625514454
0.666666667,0.696406644,1.377828393,0.75,1,1,0,1,0,0,0,0,0,1,1,1.36282147
0,0.462704131,0.968103271,0.75,1,1,0,0,0,0,0,0,0,0,0,0.680264509
0.666666667,0.335382158,0.121394079,0.25,1,1,0,1,0,0,0,0,0,1,1,0.252022663
0,0.974517603,1.030864489,0.75,1,1,0,0,0,0,0,0,0,1,1,0.718320105
0.333333333,0.781978523,0.882068359,0.5,1,1,0,0,0,0,0,1,0,1,1,0.49925797
0,0.768400903,0.714810062,0.75,0,0,0,0,0,0,0,0,0,1,0,0.483580217
0,0.966335261,1.074155436,0.75,1,1,0,1,0,0,0,1,0,0,0,0.709124427
0,0.612156437,0.973974417,0.75,1,1,0,1,0,0,1,0,0,1,1,0.872832035
0,1.275018067,0.907414243,0.75,0,1,0,1,0,0,0,1,0,1,0,1.050315894
0.333333333,1.096731057,1.749065029,0.75,1,1,0,1,0,0,0,0,0,1,1,1.392946736
0,0.612156437,0.979811293,0.75,0,1,0,1,0,0,0,1,1,0,0,0.652410934
0.666666667,0.745082514,0.956256546,0.75,0,0,1,1,0,0,0,1,0,0,0,0.765430419
0.333333333,0.800775047,1.165207801,0.75,1,1,0,1,0,0,1,0,1,0,0,0.938128178
0,1.442204019,1.34201436,0.75,1,1,0,1,0,1,0,0,1,0,1,1.231027405
0,0.648470652,1.014134697,0.75,1,1,0,1,0,0,0,0,1,0,1,0.733031359
0.666666667,0.8761897,0.944267792,0.75,1,1,0,1,0,0,0,1,0,1,1,0.763210228
0,0.369830531,0.342269354,0.75,1,1,0,0,0,0,0,1,0,1,0,0.005599284
0.666666667,0.805840642,1.002823958,0.75,1,0,0,0,0,0,1,0,1,0,1,0.839027465
0.333333333,0.867590024,1.381729695,0.75,1,1,0,1,0,0,1,0,0,1,0,1.037199359
0,0.71233635,0.699522166,0.75,1,1,0,0,0,0,0,0,0,1,0,0.418485342
0.333333333,0.940576131,0.919850281,0.75,1,1,0,0,0,1,0,0,0,0,0,0.680113568
0,0.766810079,0.968103271,0.75,1,1,0,1,0,0,0,0,1,0,1,0.749362096
1,1.655886413,1.762458386,0.75,1,1,0,0,0,0,0,0,0,0,0,1.647666294
0,0.549858461,1.058140147,0.75,1,1,0,1,0,0,0,0,0,1,1,0.62583325
0,0.457294677,0.882068359,0.75,0,1,0,1,0,0,0,0,0,1,0,0.416718936
0,0.793050674,1.13077676,0.75,1,0,0,1,0,0,0,0,1,0,1,0.743570377
0,0.867590024,1.313244267,0.75,1,1,0,0,0,0,0,0,0,1,1,1.377734587
0,0.805534365,0.944267792,0.75,1,1,0,0,0,0,0,1,1,0,1,0.783833506
0,0.782605575,0.744702069,0.75,1,1,0,0,0,0,0,0,0,1,0,0.49998122
0,0.451201144,0.46636329,0.75,1,1,0,0,0,0,0,0,0,1,1,0.387821484
0,0.574280653,0.707195328,0.75,1,1,0,1,0,0,0,0,0,1,1,0.2554908
0,0.834666082,1.079437371,0.75,1,1,0,1,0,0,0,0,1,0,1,0.894627995
0,0.940977492,0.856063318,0.75,1,1,0,1,0,1,0,1,0,1,1,0.680566324
0,0.752377616,0.801932059,0.75,1,0,0,0,0,0,0,0,0,1,1,0.46503573
0.333333333,1.061075618,0.436753429,0.75,1,1,0,1,0,0,0,0,0,1,1,0.815047978
0,1.081273462,1.13077676,0.75,1,1,0,1,0,0,0,0,0,1,1,0.837480992
0,0.620484344,1.002823958,0.75,0,0,0,1,0,0,0,0,0,1,0,0.870962897
0,0.843404872,1.13077676,0.75,1,0,0,0,0,0,0,0,1,0,1,0.894384348
0,0.478759104,0.882068359,0.75,1,0,0,1,0,0,0,1,1,0,1,0.494907451
0,0.698624867,1.002823958,0.75,1,0,0,0,0,0,0,0,1,0,1,0.402474224
0,0.876760391,0.956256546,0.75,1,0,0,0,0,0,0,0,1,0,0,0.607822257
0.666666667,0.930354187,1.079437371,0.75,1,1,0,1,0,0,0,0,0,1,0,0.668574849
0.333333333,1.588206398,1.667633686,0.75,0,0,0,1,0,1,0,0,0,1,0,1.387008737
0.666666667,0.632028113,0.862628252,0.75,1,1,0,1,0,0,0,0,1,0,1,0.548490821
0,0.521167845,0.856063318,0.75,1,1,0,1,0,0,0,0,1,0,1,0.521969586
0,0.745245207,1.084691554,0.75,1,1,0,1,0,0,0,0,0,0,0,0.804040044
0.333333333,1.31445591,1.296424781,0.75,1,1,0,1,0,0,0,0,0,1,1,1.295878076
0.666666667,0.743780017,1.13077676,0.75,1,1,0,1,0,0,0,1,0,1,1,0.887169921
0,0.593397856,1.002823958,0.75,1,1,0,1,0,0,0,0,0,1,1,0.896939687
1,0.688862092,0.875630223,0.75,1,1,0,1,0,0,0,0,0,1,1,0.391051465
0,0.613827576,1.230705309,0.375,0,1,0,1,0,1,0,1,0,0,0,0.86758962
0.333333333,0.973870651,1.058140147,0.75,0,1,0,1,0,0,0,0,0,0,0,0.717593371
0,0.867590024,0.979811293,0.75,0,0,0,0,0,0,0,0,1,0,0,0.597382714
0,1.070168146,1.582170282,0.75,1,1,0,1,0,0,0,0,1,0,0,1.295143867
0,0.717869053,1.036379462,0.375,0,1,0,0,0,0,0,1,0,1,0,0.78899124
0.333333333,1.534259959,1.740942058,0.75,1,1,0,1,0,0,0,0,0,1,1,1.329555092
1,1.219891696,1.030864489,0.125,1,1,0,1,0,1,0,1,0,1,1,0.990164132
0,0.886695117,1.089918274,0.75,0,0,0,0,0,0,0,0,1,0,0,0.619117085
0,0.719205717,1.261912567,0.75,1,1,0,1,0,0,0,0,0,1,1,0.894262502
0.666666667,0.467440364,0.862628252,0.75,1,1,0,1,0,1,0,1,1,0,1,0.526732262
0,0.766810079,0.752037513,0.625,1,1,0,0,0,0,0,0,1,0,1,0.481741168
1,0.948971087,0.849455001,0.75,0,1,0,1,0,0,0,1,1,0,0,0.689578652
1,1.014578479,1.325675795,0.75,1,1,0,1,0,1,0,0,1,0,1,0.983499361
0,0.805840642,0.962197452,1,1,1,0,0,0,0,0,0,0,1,0,0.526732262
0,0.805840642,1.279317553,0.75,1,1,0,0,0,0,0,0,0,1,0,1.134259508
0.333333333,0.259274664,0.944267792,0.75,1,1,0,1,0,1,0,0,0,1,0,0.573487478
1,0.71233635,1.296424781,0.625,0,1,0,1,0,0,0,0,1,0,0,0.99755434
1,0.739862316,1.058140147,0.75,1,1,0,1,0,1,0,1,1,0,1,0.795064877
0,0.820432673,0.950280135,0.75,1,0,0,0,0,0,0,0,1,0,1,0.543484849
0.333333333,0.573315132,1.196151601,0.75,1,1,0,1,0,1,0,0,1,0,1,0.25433609
0.666666667,0.354559598,1.239721486,0.75,1,0,0,1,0,0,0,0,0,1,0,0.436365198
0,1.101868905,1.604230579,0.75,1,1,0,1,0,0,0,0,1,0,0,1.110004352
0.333333333,0.841633667,0.495121563,0.5,1,1,0,1,0,0,0,0,0,1,1,0.567761236
0,0.56769665,1.089918274,0.75,1,1,0,0,0,0,0,0,1,0,1,0.710589716
0.666666667,0.739862316,0.875630223,0.75,1,1,0,1,0,0,0,1,1,0,1,0.772474557
0,0.593397856,0.907414243,0.75,1,1,0,1,0,0,0,0,1,0,1,0.668880211
0,1.358230713,1.416172974,0.75,1,1,0,0,0,0,0,0,0,1,1,1.140565908
0,1.066517454,1.274994624,0.75,1,1,0,1,0,0,0,0,1,0,1,1.256965871
0,0.676566606,1.063507126,0.75,1,1,0,1,0,0,0,0,1,0,1,0.842241624
0.666666667,1.129941555,1.329785531,0.375,1,1,0,1,0,0,0,0,1,0,1,1.416641421
0.666666667,0.730000384,0.752037513,0.75,1,1,0,1,0,0,0,1,0,1,1,0.738884261
0,0.862828488,1.014134697,0.75,1,1,0,0,0,0,0,0,1,0,1,0.591956937
0,0.785734954,0.2256211,0.25,1,1,0,0,0,0,0,1,1,0,1,0.503589643
0,1.187179629,1.058140147,0.75,1,1,0,0,0,0,1,0,0,1,0,0.954323627
0,0.590363557,1.095117818,0.75,1,0,0,1,0,0,0,0,1,0,1,0.694203391
0,0.489110835,0.495121563,0.75,1,1,0,1,0,0,0,0,1,0,1,0.379904417
0,0.870751832,0.973974417,0.375,1,1,0,1,0,0,0,1,1,0,1,0.600983613
0,0.44221094,1.063507126,0.75,1,1,0,1,0,0,0,0,1,0,1,0.767922255
0.666666667,0.884999015,1.074155436,0.375,1,1,0,1,0,0,0,1,0,1,1,1.038887908
0,0.960580639,1.165207801,0.75,1,1,0,0,0,0,0,0,1,0,1,1.148440643
0,1.728445752,1.058140147,0.75,1,1,0,1,0,0,0,0,0,1,1,1.535479133
0,0.935209187,1.058140147,0.75,1,1,0,1,0,0,0,0,1,0,1,1.108530164
0,0.815895494,1.20780267,0.75,1,1,0,0,1,0,0,0,0,1,1,0.661525651
0.333333333,0.692812934,0.882068359,0.75,1,1,0,1,0,0,0,0,0,1,1,0.583513307
0.666666667,1.582377546,1.471066476,0.75,1,1,0,1,0,0,0,0,0,1,1,1.461788663
0,1.243198461,1.002823958,0.75,1,1,0,0,0,0,1,1,0,0,0,1.015632516
0.666666667,0.813467222,1.438493253,0.75,0,1,0,1,0,0,0,0,0,1,0,1.022837551
1,0.508674211,0.842802723,1,1,1,0,1,0,0,0,1,1,0,1,0.349066471
0,1.020772713,1.089918274,0.75,1,1,0,0,0,0,0,0,0,1,1,0.77013202
0,0.671500695,1.105436496,0.75,1,0,0,1,0,0,1,0,1,0,1,0.76265441
0,0.778207927,1.170031156,0.75,0,1,0,1,0,0,0,1,0,0,0,1.053022652
0.333333333,1.254797866,1.196151601,0.75,1,0,0,0,0,1,0,0,1,0,1,1.028287393
0,0.987369515,0.991383822,0.75,1,1,0,0,0,0,1,0,1,0,1,0.732744974
0.333333333,1.783674892,1.317405305,0.375,1,1,0,1,0,0,0,0,0,0,1,1.593629642
0,0.71233635,1.179608626,0.75,1,0,0,1,0,0,0,0,1,0,1,0.788449572
0.333333333,0.537720337,0.780852761,0.75,1,1,0,1,0,0,0,0,0,1,1,0.502147836
0,1.051420675,1.274994624,0.75,1,1,0,1,0,0,0,0,0,0,0,1.055514712
0,1.508659855,1.585351705,0.75,1,0,0,0,0,0,0,0,0,1,1,1.30221874
0,1.06320856,1.296424781,0.75,1,1,0,1,0,0,0,0,0,0,1,1.118219885
0,0.867590024,0.436753429,0.75,1,0,0,0,0,0,0,0,1,0,1,0.597382714
0,0.522185025,1.095117818,0.75,0,0,0,0,0,0,0,0,1,0,1,1.358081615
0.666666667,0.676392346,0.752037513,0.75,1,1,0,1,0,0,0,0,1,0,1,0.376433674
0,0.886695117,1.354095449,0.75,1,1,0,1,0,0,0,1,0,0,1,0.899124792
0,0.796920319,0.836105895,0.75,1,0,0,0,0,0,0,0,0,0,1,0.516473209
1,2.209584327,1.88736324,0.75,1,0,1,1,0,0,0,0,0,0,1,2.037199664
0,0.823295608,1.058140147,0.75,1,1,0,0,0,0,0,0,0,0,1,0.795871915
0.333333333,1.516589482,1.20780267,0.375,0,1,0,1,0,1,0,0,0,1,0,1.58021938
0,1.110938183,1.304869885,0.75,1,1,0,1,0,0,0,0,0,0,0,1.148440643
0,2.062462303,2.392702108,1,1,1,0,0,0,1,0,0,0,1,1,1.884838626
0,0.496857051,0.699522166,0.75,1,1,0,0,0,0,0,0,0,1,1,0.560131614
0,0.633848265,0.668226829,0.75,1,1,0,0,0,0,0,0,1,0,1,0.326319338
0,0.76026111,0.2256211,0.25,1,1,0,1,0,1,0,0,1,0,1,0.474165503
0,0.967378007,0.8948216,0.75,1,1,0,0,0,0,0,0,1,0,1,0.71029683
1,0.843404872,1.679267643,0.75,1,1,0,1,0,0,0,0,1,0,0,1.405449112
0,0.925882968,0.773726417,0.75,1,0,0,1,0,0,0,0,0,0,0,0.663522858
0.666666667,0.737077962,0.801932059,0.75,1,1,0,1,0,1,0,0,0,1,1,0.958217538
0,1.807349957,1.529840842,0.75,0,1,0,0,0,0,0,0,1,0,0,1.618505963
0.666666667,0.87247225,1.052744208,0.75,1,1,0,1,0,0,0,1,0,0,0,0.812538762
0.666666667,0.986347419,1.317405305,0.75,1,1,0,1,0,0,0,0,0,0,0,0.992928064
0,1.033169236,1.244199273,0.75,1,1,0,0,0,0,0,0,0,1,1,0.783969577
0,1.204594719,1.274994624,0.375,1,1,0,0,0,1,0,0,1,0,1,0.97341817
0,0.630204643,1.014134697,0.75,1,1,0,1,0,0,0,0,1,0,1,0.686133519
0.666666667,1.606042265,1.325675795,0.375,1,1,0,1,0,0,0,0,0,1,1,1.40596058
0,0.560677777,0.882068359,0.75,1,0,0,1,0,0,0,0,1,0,1,0.958217538
0.666666667,1.799841545,0.668226829,0.75,1,0,0,1,0,0,0,0,0,1,1,1.610619811
0.333333333,0.392308385,0.285645116,0.75,1,1,0,1,0,0,0,0,0,1,1,0.377660018
0,1.47723652,1.471066476,0.75,1,0,0,0,0,0,0,0,0,0,0,1.399291002
0,0.962807943,1.030864489,0.75,1,1,0,1,0,0,0,0,1,0,1,0.820441243
0,1.13292678,0.991383822,0.75,0,1,0,0,0,0,0,0,0,0,0,0.894627995
0,0.607873018,1.170031156,0.75,1,1,0,1,0,1,0,0,0,0,1,0.90069996
0,1.409757301,1.536533747,0.75,1,1,0,0,0,0,0,0,0,1,0,1.196143006
0.666666667,0.551044454,0.962197452,0.75,1,1,0,1,0,0,0,1,0,0,0,0.227640317
0,0.726857054,0.495121563,0.75,1,1,0,0,0,0,0,0,0,1,1,0.435401638
1,2.685344787,2.319228761,0.375,0,1,0,1,0,0,0,0,1,0,1,2.525364248
0.333333333,1.101868905,1.20780267,0.75,1,1,0,1,0,0,0,0,0,0,1,0.860304613
0.333333333,1.44041976,1.325675795,0.75,1,1,0,1,0,0,0,0,0,1,1,1.229111294
0,0.680392665,1.002823958,0.75,1,1,0,0,0,0,1,0,0,0,1,0.734605016
0,0.925882968,1.572564829,0.75,1,1,0,1,0,0,0,0,1,0,1,1.285879298
0,0.464859745,0.869150369,0.75,1,1,0,1,0,0,0,1,1,0,1,0.365535151
0,1.300828879,1.634924311,0.75,1,1,0,1,0,0,0,0,0,1,0,1.078377906
0.333333333,0.699136067,1.008495319,0.75,0,1,0,1,0,0,0,0,1,0,0,0.630127087
0.666666667,0.867733959,1.1984927,0.75,1,1,0,1,0,0,0,0,0,0,1,0.810420844
0,1.422813022,0.707195328,0.375,1,1,0,1,0,0,0,0,0,1,1,1.210189824
0,0.799234938,1.304869885,0.75,1,1,0,1,0,0,0,0,0,0,1,0.964711739
0,0.925882968,0.956256546,0.75,1,0,0,1,0,0,0,0,0,0,0,0.663522858
0,0.581779895,1.052744208,0.75,1,1,0,1,0,0,0,0,0,0,1,0.831141287
0,0.542314327,0.610986599,1,0,1,0,0,0,0,0,0,1,0,0,0.217143017
0.666666667,1.307062878,1.377828393,0.75,1,1,0,1,0,0,0,0,1,0,1,1.085146229
0,0.455557453,0.849455001,0.75,1,1,0,1,0,0,1,1,0,0,1,0.497991023
1,2.928281547,2.461144644,0.625,1,0,1,1,0,0,0,0,0,1,1,2.772655629
1,0.770306558,0.752037513,0.375,1,1,0,1,0,0,0,1,0,0,0,0.485782622
0,1.068050013,1.325675795,0.75,1,1,0,1,0,0,0,0,1,0,1,1.374498361
0,0.892889658,0.794954881,0.75,1,1,0,1,0,1,0,1,1,0,0,0.737032169
0,0.766332338,0.979811293,0.75,1,1,0,1,0,0,0,0,0,0,1,0.789938454
0.666666667,0.503301243,0.88846531,0.75,1,1,0,1,0,0,0,0,0,0,1,0.511482638
1,1.045172945,2.144751931,0.75,0,1,0,1,0,0,0,0,1,0,0,1.720443391
0.333333333,0.805840642,0.979811293,0.75,1,1,0,1,0,0,0,0,1,0,1,0.526732262
0,0.561264569,0.8948216,1,0,1,0,0,0,0,0,1,0,1,0,0.532697619
0.333333333,1.146414492,1.296424781,0.75,0,1,0,1,0,0,0,0,0,1,0,1.535479133
0,0.476207567,0.644095354,0.75,1,1,0,0,0,0,0,0,0,0,0,0.976677665
0,0.92818882,0.69178967,0.375,1,1,0,1,0,0,0,0,1,0,1,0.666128586
0.333333333,2.530059953,1.588523039,0.75,1,1,0,1,0,0,0,0,1,0,0,2.366674447
0,0.786515771,0.932133561,0.75,1,0,0,1,0,0,0,0,1,0,1,0.504489719
0,2.665227969,1.002823958,0.75,1,1,0,1,0,1,0,0,1,0,1,2.614254715
0.333333333,0.530487105,0.635920365,0.625,0,1,0,1,0,1,0,0,0,0,0,0.202891886
0,0.57099407,0.567996957,0.75,1,1,0,1,0,0,0,0,0,0,1,0.65396166
0,0.169109844,1.244199273,0.75,1,0,1,1,0,1,0,0,0,0,1,0.856515578
0,1.423226022,1.329785531,0.375,1,1,0,1,0,0,0,0,0,0,1,1.210633949
0,0.966074404,0.476041566,0.75,1,1,0,0,0,0,0,1,0,0,1,0.708831111
0,1.62261887,1.226166551,0.75,1,1,0,0,0,0,0,0,1,0,0,1.423555587
0,1.105619954,1.20780267,0.75,1,1,0,1,0,0,0,1,0,1,0,0.864456036
0,0.822241796,0.714810062,0.75,1,1,0,0,0,0,0,0,1,0,1,0.545559326
0,0.871182214,1.002823958,0.75,1,1,0,0,0,0,0,0,0,0,1,0.601473642
0.333333333,0.705250164,1.253095139,0.75,1,1,0,1,0,0,0,0,1,0,0,0.82279986
0,1.337482988,1.325675795,0.75,1,1,0,0,0,0,0,0,0,0,1,1.429495167
0,0.474289633,1.002823958,0.75,1,0,0,0,0,0,0,1,0,1,1,0.614614451
0,0.753346287,0.962197452,0.75,1,0,0,1,0,0,0,0,1,0,1,0.889131525
0,1.552567375,0.766548923,0.75,1,1,0,0,0,1,0,0,0,1,0,1.349075383
0.333333333,0.612156437,0.815742049,0.75,1,1,0,1,0,0,0,1,1,0,1,0.739880122
0.666666667,0.971019079,1.235223559,0.75,0,1,0,0,0,0,0,0,1,0,1,0.71438945
1,0.842224417,0.962197452,0.375,1,1,0,1,0,0,0,1,0,1,0,0.568436616
0.333333333,0.766810079,1.084691554,0.75,1,1,0,1,0,0,0,1,0,1,1,0.663522858
0.666666667,0.831089354,1.025318932,0.75,1,1,0,1,0,0,0,1,1,0,1,0.555696708
0,0.90183195,1.002823958,0.75,1,0,0,0,0,0,0,1,1,0,1,0.636296926
0,0.725198693,0.744702069,0.75,1,0,0,0,0,0,0,0,0,1,1,0.433471729
0,0.839711315,0.541287157,0.75,1,1,0,0,0,0,0,1,0,0,1,0.922140237
0,0.589413447,0.576744006,0.75,1,1,0,0,0,0,0,0,0,1,1,0.273560443
0,0.753668969,1.041864187,0.75,1,1,0,0,0,0,0,0,1,0,0,0.46653201
0,1.47723652,1.431108377,0.75,1,0,0,0,0,0,0,0,1,0,0,1.268598229
1,0.755602879,1.047318994,0.75,0,1,0,1,0,0,0,0,1,0,0,0.678300493
0.333333333,1.287108213,1.523102839,0.75,1,1,0,1,0,1,0,0,0,1,1,1.063468401
1,1.067460845,1.058140147,0.75,1,1,0,1,0,1,0,1,0,0,1,0.822145246
0,0.713344575,1.095117818,0.75,1,1,0,1,0,0,0,0,0,1,1,0.884466417
1,0.821036078,0.882068359,0.75,1,1,0,1,0,0,0,1,1,0,1,0.701174549
0,0.004633635,1.084691554,0.75,1,1,0,1,0,0,0,0,0,0,0,0.145827808
0,0.802312787,1.063507126,0.75,1,1,0,1,0,0,0,0,1,0,1,0.795468478
0.666666667,0.980964205,0.683996917,0.75,0,1,0,1,0,0,1,0,1,0,0,0.725558549
0.666666667,0.884291456,1.041864187,0.75,1,0,0,1,0,0,0,0,1,0,1,0.940923235
0,0.539120743,0.585415208,0.75,0,1,0,1,0,0,0,0,0,1,0,0.21329833
0.666666667,0.84473122,0.979811293,0.75,1,1,0,1,0,0,0,0,1,0,1,0.825152928
0,0.678829228,1.13077676,0.75,1,1,0,0,0,0,0,0,1,0,1,0.829842517
0,1.267133449,1.274994624,0.75,1,1,0,1,0,0,0,0,1,0,1,1.142659235
0,1.129941555,1.047318994,0.75,1,1,0,1,0,0,0,0,1,0,1,0.89133374
0,0.72619404,1.253095139,0.75,1,1,0,1,0,0,0,0,0,0,0,0.434630121
0,0.946313649,1.100290466,0.75,1,1,0,1,0,1,0,1,0,1,0,0.686583558
0.666666667,1.129941555,1.416172974,0.75,1,1,0,1,0,0,0,0,1,0,1,1.079593516
0,0.949369094,1.1984927,1,1,1,0,0,1,0,0,0,1,0,1,0.690027143
0,1.146414492,1.377828393,0.75,1,1,0,0,0,1,0,0,0,0,1,0.90949934
0.333333333,0.591692196,0.907414243,0.75,1,1,0,1,0,0,0,0,1,0,1,0.657673621
0,0.800621143,0.416514944,0.375,1,1,0,1,0,0,1,0,0,0,1,0.520731107
0,0.716028217,1.002823958,0.75,1,1,0,0,0,0,0,1,0,0,1,0.833086285
0,1.337482988,1.649924967,0.75,1,0,0,0,0,0,0,0,1,0,1,1.118122477
0.333333333,0.710316844,1.110556179,0.75,1,1,0,1,0,0,0,0,1,0,1,0.715992694
0.333333333,1.043242687,1.253095139,0.75,1,1,0,1,0,0,0,0,0,0,1,0.951795934
0,1.072516378,1.572564829,0.75,1,1,0,1,0,0,1,0,0,1,0,0.82776097
0,0.760901925,1.014134697,0.75,1,0,0,0,0,1,0,0,0,1,1,0.474907124
0.333333333,0.815288979,0.956256546,0.75,1,0,0,0,0,0,0,0,0,0,1,0.537583685
0.333333333,0.736913935,0.856063318,0.75,1,1,0,1,0,0,0,0,1,0,1,0.447094108
0.666666667,1.081040932,1.002823958,0.75,1,1,0,1,0,0,0,0,0,0,1,1.334980873
0.333333333,0.595289629,1.110556179,0.375,1,1,0,1,0,0,0,1,0,1,0,0.649613552
0,0.677785577,1.184363182,0.125,1,1,0,0,0,0,0,0,0,1,1,1.150045917
0.666666667,1.129941555,0.932133561,0.75,1,1,0,1,0,1,0,0,0,0,1,1.038782457
0,0.751731313,1.01974245,0.75,1,1,0,1,0,0,0,1,1,0,1,1.067165418
0,1.107546835,1.002823958,0.375,1,1,0,0,0,1,0,0,0,1,0,1.30019085
0.666666667,1.453724744,0.956256546,0.75,1,1,0,1,0,0,0,0,0,1,1,1.243393427
0.333333333,1.168817031,1.095117818,0.375,1,1,0,1,0,0,0,1,0,1,1,0.934155092
0.333333333,0.663235531,1.01974245,1,1,1,0,1,0,0,0,0,1,0,1,0.68508264
0,0.453163832,0.815742049,0.75,1,1,0,1,0,0,0,0,0,1,1,0.513802786
0,0.421963505,1.381729695,0.75,0,1,0,1,0,0,0,1,1,0,0,0.802972607
0.666666667,0.755119752,1.100290466,0.75,1,0,0,0,0,0,0,0,0,1,0,0.468212654
0,0.608992202,0.907414243,0.75,1,1,0,0,0,1,0,1,0,0,1,0.688830719
0.333333333,0.623428743,1.646942783,0.375,1,1,0,1,0,0,0,1,1,0,1,1.248451263
0,1.875344771,1.346057628,0.75,0,1,0,0,0,1,0,0,0,1,0,1.689789388
1,0.698113406,1.572564829,0.75,1,0,0,0,0,0,0,0,0,0,1,0.401876268
0,1.106980491,0.973974417,0.75,0,1,0,0,0,0,0,1,0,0,0,0.865961382
1,1.012588194,0.842802723,0.75,1,1,0,1,0,0,0,0,0,1,0,0.760985098
0,1.789417397,1.718952578,0.75,1,1,0,1,0,0,0,0,0,0,0,1.718681708
1,0.972056956,1.047318994,0.75,1,1,0,1,0,0,0,1,1,0,0,0.7155557
0.333333333,1.111276686,1.788718675,0.75,1,1,0,1,0,0,0,0,0,1,1,1.296122692
0,0.506404554,1.079437371,0.75,1,1,0,0,0,0,0,0,1,0,1,0.614130822
0.333333333,0.763780522,1.184363182,0.075,1,0,0,0,0,0,0,0,1,0,0,0.478237628
0,1.22996121,1.002823958,0.75,1,0,0,0,0,0,0,0,0,0,1,1.001174316
0,1.002073705,1.047318994,0.75,1,1,0,0,0,1,0,0,1,0,1,0.749221233
0,0.857317274,1.165207801,0.75,1,1,0,0,0,0,0,0,0,0,1,1.03793845
0.666666667,0.942714869,1.160361069,0.75,1,1,0,1,0,0,0,0,1,0,1,0.872209377
1,0.891344617,1.20780267,0.75,0,1,0,1,0,0,0,0,0,1,1,0.878294771
0,0.753668969,1.084691554,0.75,1,0,0,0,0,0,1,0,0,0,0,0.46653201
0.333333333,0.66217547,0.815742049,0.75,1,0,0,0,0,0,0,0,0,1,1,0.640703195
0,0.724036201,0.285645116,0.75,1,0,0,0,0,0,0,0,0,1,1,0.432118573
0,1.563105907,1.089918274,0.75,1,1,0,1,0,0,0,0,0,1,1,1.360301441
0,0.654545299,1.036379462,0.75,1,1,0,0,0,0,0,0,0,0,1,0.679811617
0,0.615866294,1.160361069,0.75,1,1,0,1,0,0,0,0,1,0,1,0.702651524
0.666666667,0.828548076,0.815742049,0.75,1,1,0,1,0,0,0,0,1,0,1,0.552786292
0.333333333,0.639650586,0.973974417,0.75,1,1,0,1,0,0,0,0,1,0,1,0.664903207
0,0.84237205,1.404823188,0.75,1,1,0,1,0,0,0,0,1,0,1,1.008483897
0,0.701518215,0.744702069,0.75,1,1,0,1,0,0,0,0,0,1,1,0.635508045
0,1.783674892,2.031457738,0.75,1,1,0,1,0,0,0,0,1,0,1,1.593629642
0,0.858044171,1.025318932,0.75,1,0,0,1,0,0,0,1,0,0,1,0.58650156
0.333333333,0.851190385,1.1984927,0.75,0,1,0,0,0,1,0,1,0,1,0,0.918935522
0,0.832581213,0.956256546,0.75,1,1,0,1,0,0,0,0,1,0,1,0.685383004
0.666666667,0.554987638,0.729867752,0.375,1,1,0,1,0,0,0,0,0,1,1,0.441705721
0,0.453599462,0.532222966,0.75,1,0,0,0,0,0,0,0,0,1,1,0.477498474
0,2.084060251,1.058140147,0.75,1,1,0,1,0,0,0,0,0,0,0,1.907256583
0,0.710822103,0.808860893,0.75,1,1,0,0,0,0,0,0,0,0,1,0.886556129
0,0.612156437,0.875630223,0.625,1,0,0,0,0,1,0,0,1,0,0,0.621840969
0,0.798772443,1.002823958,0.75,1,1,0,1,0,0,0,0,0,0,1,0.822276203
0,0.861525943,0.973974417,0.75,1,0,0,0,0,0,0,0,1,0,1,0.590472056
0,1.437981537,1.325675795,0.75,1,1,0,0,0,0,0,0,0,0,1,1.226492484
0,0.69674823,1.105436496,0.75,1,1,0,1,0,0,0,0,0,0,1,0.793987812
0.666666667,0.900718527,1.041864187,0.75,0,1,0,1,0,0,0,0,1,0,0,0.635034418
0.666666667,0.709979863,1.079437371,0.75,1,1,0,1,0,0,0,0,0,1,1,0.683278561
0,1.033169236,1.125759817,1,0,0,0,0,0,0,0,0,0,1,0,0.783969577
0,0.57099407,1.261912567,0.75,1,1,0,1,0,0,0,0,1,0,1,0.823977086
1,0.902944135,0.944267792,0.75,1,1,0,1,0,0,1,0,0,1,1,0.81728774
0.333333333,1.196857577,1.377828393,0.75,1,1,0,1,0,0,0,0,1,0,1,0.964938841
0.333333333,0.937090896,1.084691554,0.75,1,0,0,1,0,0,0,0,0,1,1,0.676181076
0,0.980964205,1.165207801,1,1,0,0,0,0,0,0,0,0,0,0,1.037832899
0.333333333,0.496857051,0.962197452,0.75,1,1,0,1,0,0,0,0,0,1,0,0.716720592
0,0.451201144,0.836105895,0.75,0,1,0,1,0,0,0,1,0,1,0,0.686433567
0,0.661998684,0.913651593,0.75,1,1,0,1,0,0,0,1,1,0,1,0.669948246
0,0.980964205,1.068845454,0.75,1,0,0,0,0,0,0,0,0,0,1,0.725558549
0.333333333,0.412251511,0.856063318,0.75,1,1,0,1,0,0,0,0,0,1,1,0.468399218
0,0.843404872,1.110556179,0.75,1,1,0,0,0,0,0,0,0,0,1,0.921428965
0,0.493933102,0.962197452,0.75,1,1,0,0,0,0,0,1,0,1,0,0.158623585
0,0.807676332,1.084691554,0.75,1,0,0,0,0,0,0,0,0,0,1,0.78546514
0,0.574280653,0.907414243,0.75,0,0,0,0,0,0,0,0,0,1,0,0.61316286
0,2.065377814,2.117142391,0.75,1,1,0,0,0,0,0,0,0,0,0,1.887865907
0.666666667,1.275688273,1.317405305,0.75,1,1,0,1,0,0,0,1,0,0,1,1.051045357
0,0.669396926,0.773726417,0.75,1,0,0,0,0,0,0,0,1,0,1,0.368219388
0,0.671150374,0.950280135,0.75,1,1,0,0,0,0,0,1,1,0,1,0.772336912
0,0.594722473,0.550269926,0.75,1,0,0,0,0,0,0,0,0,0,1,0.279887301
0.666666667,1.072516378,1.13077676,0.175,1,1,0,1,0,1,0,0,0,0,1,0.82776097
0,0.588272123,1.203158519,0.75,1,0,1,1,0,0,0,0,0,0,0,0.621680946
0.333333333,0.750599277,0.950280135,0.375,1,1,0,1,0,0,0,1,0,1,1,0.731168385
0.666666667,0.800775047,1.002823958,0.75,1,1,0,1,0,0,0,0,1,0,1,0.520908126
0,0.505991335,0.801932059,0.75,1,1,0,1,0,0,0,0,0,1,1,0.601636931
0.333333333,0.773316437,0.956256546,0.75,1,0,0,0,0,0,0,0,1,0,1,0.489259873
0.333333333,1.47723652,1.184363182,0.75,1,1,0,1,0,1,0,0,0,0,0,1.268598229
0,0.574280653,0.973974417,0.75,1,1,0,1,0,0,0,0,1,0,1,0.66106419
1,0.892608919,1.025318932,0.75,1,1,0,1,0,0,0,0,1,0,1,0.655509985
0.666666667,0.782762277,0.962197452,0.75,1,1,0,1,0,0,0,1,0,0,1,0.75273687
0,0.712168213,1.068845454,0.75,1,0,0,0,0,0,0,0,0,0,1,0.879161098
1,1.807406198,1.707773813,0.75,1,1,0,1,0,0,0,0,0,0,1,1.618565023
0.333333333,1.36700497,1.90135519,0.75,0,1,0,1,0,1,0,0,0,0,0,1.535414957
0,0.970239965,1.058140147,0.75,0,1,0,0,0,0,0,0,0,0,1,0.713513869
0,1.080924647,1.313244267,0.75,1,1,0,1,0,1,0,0,1,0,1,1.082928842
0,0.891344617,0.944267792,0.75,1,0,0,1,0,0,0,0,0,1,0,0.954553101
0,0.593397856,0.644095354,0.75,1,0,0,0,0,0,0,0,0,1,1,0.278309335
0.333333333,0.898487954,0.985614298,0.75,1,1,0,0,0,0,0,0,0,1,1,0.882372328
0,0.672550922,0.869150369,0.75,1,1,0,0,0,0,0,0,1,0,1,0.371924169
0,0.654545299,0.67614296,0.75,1,1,0,0,0,0,0,0,0,1,1,0.350746581
0,3.120714696,2.135633188,0.375,1,1,0,1,0,0,1,0,0,1,1,2.967850977
0.333333333,1.464084187,1.304869885,0.375,1,0,1,1,0,1,0,0,0,1,1,1.399291002
0,1.043604894,0.668226829,0.75,1,1,0,1,0,1,0,0,1,0,1,1.268011429
0.333333333,1.012588194,1.20780267,0.75,1,1,0,1,0,0,1,0,0,0,1,0.852458053
0.666666667,0.593397856,1.279317553,0.75,1,1,0,1,0,1,0,0,0,0,1,0.990164132
1,0.457728512,0.962197452,0.75,0,0,0,0,0,0,0,1,0,1,0,0.114432922
0,0.866725975,0.67614296,0.75,1,0,0,0,0,0,0,0,1,0,1,0.596398397
1,0.620852868,1.266292295,0.75,1,1,0,1,0,0,0,1,0,0,0,0.608471124
0,0.570025369,0.45659043,0.75,1,0,0,0,0,0,0,0,0,0,0,0.250400073
0.333333333,0.921937143,1.1984927,0.75,1,1,0,1,0,0,0,1,0,1,1,0.832567989
1,0.713344575,0.699522166,0.75,1,1,0,1,0,0,0,1,1,0,1,0.419661215
0.666666667,0.608992202,1.030864489,0.75,1,1,0,1,0,0,1,0,0,0,1,0.712929722
0,0.593208482,1.20780267,0.75,1,1,0,1,0,0,0,0,1,0,1,0.719336647
0,0.770465199,1.170031156,0.75,0,1,0,1,0,0,0,1,0,0,0,0.950990326
0.666666667,0.698113406,1.036379462,0.75,1,1,0,1,0,0,0,1,0,1,1,0.761124314
0,1.139090094,1.585351705,0.75,1,1,0,1,0,0,0,0,1,0,1,1.34255898
0,0.616791612,1.325675795,0.75,1,1,0,1,0,0,0,0,0,0,1,1.169573604
0,1.402785734,1.481692627,0.75,1,1,0,1,0,0,0,0,1,0,1,1.188636477
0,1.374316312,1.730007759,0.75,1,1,0,0,0,0,0,0,0,0,0,1.487297131
1,0.624347093,0.849455001,0.75,1,1,0,1,0,0,0,0,0,0,1,0.688681065
0,1.043242687,0.913651593,0.75,0,0,0,1,0,1,0,0,0,0,0,0.795199429
0,0.578710083,1.058140147,0.75,1,0,0,1,0,0,0,0,1,0,1,0.370485052
0,0.815440642,0.979811293,0.375,1,0,0,0,0,0,0,0,0,1,1,0.537757747
0.666666667,1.337482988,1.230705309,0.75,1,1,0,1,0,0,0,0,0,0,1,1.387008737
0.333333333,0.82479913,0.644095354,0.75,1,1,0,1,0,0,0,0,0,1,0,0.548490821
0,0.683858242,0.882068359,1,0,1,0,1,0,0,0,1,0,1,0,0.676181076
1,1.00219953,1.377828393,0.75,1,1,0,1,0,0,0,0,1,0,1,1.118219885
0.333333333,0.94471579,0.752037513,0.75,1,0,0,0,0,0,0,0,1,0,0,0.684782186
0.666666667,0.980964205,1.509489084,0.75,1,1,0,1,0,0,0,0,1,0,1,1.150140265
0,0.948307389,1.058140147,0.75,1,1,0,1,0,0,0,0,0,1,1,0.988280286
0,0.686104444,0.849455001,0.625,1,1,0,1,0,0,0,0,0,1,1,0.866086725
0,1.191353671,1.115649785,0.75,1,1,0,0,0,1,0,0,0,0,1,0.958903127
0,1.126169661,1.074155436,0.75,1,1,0,0,0,0,0,1,0,0,0,0.887169921
0,0.593397856,0.856063318,1,1,1,0,0,0,0,0,0,1,0,0,0.278309335
0,0.996774711,1.025318932,0.75,0,1,0,0,0,0,0,0,0,0,0,0.743286994
0.333333333,1.138211943,1.274994624,0.75,1,1,0,1,0,0,0,0,1,0,1,0.900457788
0,2.043279215,2.272405556,0.75,1,1,0,1,0,0,0,0,0,0,0,2.082513348
0,1.849206172,0.541287157,0.75,1,0,0,0,0,1,0,0,1,0,1,1.662414234
0.666666667,1.004461676,1.184363182,0.75,1,1,0,1,0,0,0,0,1,0,1,0.751894244
0.666666667,1.422813022,1.910575563,0.625,1,1,0,1,0,1,0,0,0,0,1,1.740508913
0.333333333,0.694525836,0.950280135,0.375,0,1,0,0,0,0,0,0,0,1,0,0.73260175
0,0.642178553,0.944267792,0.75,1,0,0,0,0,0,1,0,0,1,1,0.606685726
0,0.95716455,1.002823958,0.375,1,1,0,1,0,0,0,0,0,1,1,0.826979271
1,1.374316312,1.058140147,0.75,1,1,0,1,0,0,0,0,0,0,1,1.541620954
0,0.88810634,1.058140147,0.75,1,1,0,1,0,0,0,0,1,0,1,0.620720268
0,0.695723123,0.67614296,1,1,1,0,0,0,0,0,0,0,1,0,0.399081069
0.666666667,1.02999271,1.058140147,0.75,1,1,0,1,0,0,0,0,0,1,1,0.780425694
0,0.739862316,1.047318994,0.75,1,1,0,1,0,0,1,0,1,0,1,0.839027465
0,1.095127217,1.696468669,0.75,1,1,0,0,0,0,0,0,1,0,1,1.282992244
0,1.101868905,1.189095238,0.75,1,0,0,0,0,0,0,0,0,1,1,0.860304613
0,1.226649467,1.047318994,0.75,1,1,0,0,0,1,0,0,0,1,1,0.99755434
0.666666667,0.923571787,0.882068359,0.75,1,1,0,1,0,0,0,0,0,1,0,0.660910323
0.333333333,0.793050674,0.962197452,0.375,1,1,0,0,0,0,1,0,0,1,1,0.512018535
0,0.56380336,1.068845454,0.75,1,1,0,0,0,0,0,1,1,0,1,0.56064207
0,0.685586537,0.962197452,0.75,0,1,0,1,0,0,0,1,0,1,0,0.878542369
0,0.561264569,1.089918274,0.75,1,1,0,1,0,0,0,0,0,1,1,0.688830719
0,1.041792544,1.030864489,0.75,1,1,0,1,0,0,0,0,0,0,1,0.793583613
1,1.409841,1.317405305,0.75,1,1,0,0,0,0,0,0,0,0,1,1.196233104
1,1.437655991,1.634924311,0.75,1,1,0,1,0,0,0,0,0,0,1,1.226142791
0,0.608992202,1.002823958,0.75,1,1,0,1,0,0,0,0,0,1,1,0.681018874
0.666666667,0.492467916,0.962197452,0.375,1,1,0,1,0,0,0,1,1,0,1,0.503229386
0.666666667,0.701008232,0.962197452,0.75,1,1,0,1,0,0,0,0,0,1,1,0.650702353
0.666666667,0.730495798,1.084691554,0.75,1,1,0,1,0,0,0,0,1,0,1,0.528490476
0,0.714519555,0.67614296,0.75,0,0,0,0,0,0,0,0,0,1,0,0.421031322
0,0.689550317,0.849455001,0.75,1,1,0,1,0,0,0,0,0,1,1,0.649457912
0,0.828847385,0.938219081,0.75,1,1,0,0,0,0,0,1,0,0,1,0.804306725
0,0.383471221,0.901137743,0.75,0,0,0,0,0,0,0,0,1,0,0,0.444231561
0.666666667,0.664470851,0.446721117,0.375,0,1,0,1,0,0,0,1,0,1,0,0.362428975
0,0.640554165,0.627677994,0.625,1,1,0,0,0,0,0,1,0,0,0,0.334243832
0,0.593397856,0.901137743,0.75,1,1,0,0,0,0,0,0,1,0,1,1.985242707
0,0.486164116,0.523075864,0.75,1,0,0,0,0,0,0,1,1,0,1,0.149170493
0,1.253820067,1.354095449,0.75,1,0,0,0,0,1,0,0,0,0,0,1.027221135
0,0.920982365,0.973974417,0.75,1,0,0,0,0,0,0,0,1,0,1,0.65798233
0,0.528266474,0.973974417,0.75,1,1,0,1,0,0,0,1,0,1,1,0.66106419
0,0.537520119,0.635920365,0.75,1,0,0,0,0,0,0,1,0,0,1,0.211370429
0.333333333,1.334509357,1.170031156,0.625,0,1,0,1,0,0,0,0,1,0,0,1.114902677
1,3.357479763,1.863599275,0.75,0,1,0,1,0,0,0,0,0,0,0,3.207352847
0.333333333,0.823596493,0.602535249,0.75,1,0,0,0,0,1,0,1,1,0,0,0.547112364
0,1.130605709,1.20780267,0.75,1,1,0,1,0,0,1,0,0,1,1,0.892066735
0,1.112742209,1.445823992,0.75,0,1,0,1,0,0,0,1,0,0,0,0.87233394
0,0.545497744,0.944267792,0.75,1,1,0,1,0,0,0,1,0,0,1,0.616868303
0,0.524622045,1.287907749,0.75,0,0,0,1,0,0,0,1,1,0,0,0.779742736
0,0.682992973,0.585415208,0.75,1,0,0,0,0,0,0,0,0,1,1,0.38417524
0.333333333,0.612156437,1.20780267,0.75,1,0,0,0,0,0,0,0,0,1,0,0.300618779
0.666666667,0.406561337,1.519716736,0.75,1,1,0,1,0,1,0,0,0,1,0,1.947711083
0,0.265864821,0.956256546,0.75,1,1,0,1,0,0,0,0,0,0,1,0.535143636
0,0.725530585,1.100290466,0.75,1,1,0,1,0,0,0,0,1,0,1,0.675726331
0,1.08220304,1.100290466,0.75,1,1,0,1,0,0,0,0,0,0,1,0.83851224
0,0.634211898,0.744702069,0.75,0,0,0,0,0,0,0,1,0,1,0,0.326749299
0,0.455557453,0.882068359,0.75,1,1,0,1,0,0,0,0,0,1,1,0.488894415
0.333333333,1.234958197,0.944267792,0.75,0,1,0,1,0,0,0,0,0,1,0,1.173452229
0,1.800634565,0.856063318,0.75,1,1,0,1,0,0,0,0,1,0,1,1.611452867
0,0.624347093,1.008495319,0.75,1,1,0,1,0,0,0,0,0,0,1,0.975217826
0.333333333,0.929001382,0.752037513,0.75,1,0,0,0,0,0,0,1,0,0,0,0.667046636
0.666666667,1.094439068,1.074155436,0.75,1,1,0,1,0,0,0,0,1,0,1,0.852076815
0,0.669923283,0.794954881,0.75,1,1,0,1,0,0,0,0,0,0,1,0.372154236
0,0.633666399,0.585415208,0.375,1,1,0,0,0,0,0,1,0,1,1,0.326104289
0.333333333,1.363329155,1.160361069,0.75,1,0,0,0,0,1,0,0,1,0,1,1.146075254
0,1.157247602,0.913651593,0.75,0,1,0,0,0,0,0,0,0,0,0,0.921428965
0,1.68019421,1.966353138,0.75,1,1,0,0,0,0,1,0,1,0,1,1.484532294
0,0.579094326,1.125759817,0.75,1,1,0,1,0,0,0,0,1,0,1,0.691072841
0,0.805840642,0.882068359,0.75,1,1,0,0,0,0,0,0,0,1,1,0.526732262
0,1.480907094,1.058140147,0.5,1,0,0,0,1,0,0,0,1,0,1,1.272529285
0,0.4783343,0.495121563,0.75,1,1,0,0,0,0,0,0,1,0,1,0.531472363
0,0.537520119,1.058140147,0.75,1,1,0,1,0,0,0,0,0,1,1,0.451467493
0,1.509266235,1.325675795,0.75,0,1,0,0,0,1,0,0,0,1,0,1.302866797
0,1.224133249,1.100290466,0.75,1,0,0,1,0,1,0,1,0,0,1,0.994803183
0,0.791964485,1.325675795,0.75,1,1,0,0,0,0,0,0,1,0,1,1.155503422
0,1.297837677,1.296424781,0.75,1,1,0,1,0,0,0,0,0,0,1,1.246054123
1,0.942581331,1.150596559,0.75,1,1,0,0,0,0,0,1,1,0,1,0.944869573
0.333333333,2.630576124,1.170031156,0.75,1,1,0,0,0,0,0,0,1,0,1,2.469455819
0,1.243198461,1.274994624,0.625,1,1,0,1,0,0,0,0,0,0,1,1.657143635
0.333333333,0.761382267,1.058140147,0.75,1,1,0,1,0,1,0,0,0,0,1,0.677695404
0.666666667,0.935209187,0.944267792,0.75,1,1,0,1,0,0,0,1,0,0,1,0.674057158
0,0.773000034,0.541287157,0.75,1,1,0,1,0,0,1,0,0,0,0,0.713221838
0.666666667,0.741006565,1.160361069,0.75,0,1,0,1,0,0,0,0,0,0,0,0.732744974
0.333333333,0.643079852,1.337954677,0.75,1,1,0,0,0,1,0,1,1,0,0,0.620880445
0.666666667,0.556560569,1.030864489,0.75,0,1,0,1,0,0,0,1,0,0,0,0.493453062
0.666666667,0.485109609,0.585415208,0.625,1,1,0,1,0,0,0,1,0,1,1,0.46578415
0,0.83570689,1.155490732,0.75,0,1,0,1,0,0,0,0,0,0,0,0.819259844
0,0.590173607,0.815742049,0.375,0,1,0,1,0,0,0,0,0,0,1,0.718174801
0,1.218372486,0.773726417,0.75,1,1,0,0,0,1,0,0,1,0,1,0.988502099
0.666666667,0.822392408,0.856063318,0.75,1,1,0,1,0,0,0,0,1,0,1,0.545732005
0,0.886836329,0.991383822,0.75,1,1,0,1,0,0,0,0,0,1,1,0.619277519
0,0.799389056,1.266292295,0.75,1,1,0,1,0,0,0,0,0,1,0,0.894627995
0.666666667,0.894292173,1.089918274,0.75,1,1,0,0,0,0,0,0,0,0,1,0.627743899
0,1.337572961,1.20780267,0.75,1,1,0,1,0,0,0,0,1,0,0,1.118219885
0,0.511144339,1.20780267,0.75,1,0,1,1,0,1,0,0,1,0,1,0.881014989
1,1.282650927,1.047318994,0.375,1,1,0,1,0,0,0,0,0,1,1,1.058621078
0,0.686449566,1.174831357,0.75,1,1,0,1,0,0,0,0,0,0,1,0.754419996
0.333333333,1.005214589,1.068845454,0.75,1,0,0,0,0,0,1,1,1,0,1,0.75273687
0,0.867590024,0.869150369,0.75,0,1,0,0,0,0,0,0,1,0,0,0.597382714
0,1.101868905,1.110556179,0.75,1,1,0,0,0,0,0,0,0,0,1,0.860304613
1,0.674648073,0.668226829,0.375,0,1,0,1,0,0,0,1,0,1,0,0.667811034
0,1.898304373,0.944267792,0.75,1,0,1,1,0,0,0,0,1,0,1,1.713807592
0.666666667,0.024897411,0.869150369,0.75,1,0,0,1,0,0,1,1,1,0,1,0.410610654
0,0.891344617,0.944267792,0.75,1,1,0,1,0,0,0,0,0,1,0,0.954553101
0.333333333,0.758817773,1.217026764,0.75,1,1,0,1,0,1,0,0,1,0,1,0.799093571
0.333333333,0.621957627,0.962197452,0.375,0,1,0,1,0,0,0,1,0,0,0,0.5952488
1,0.940442307,0.882068359,0.75,1,1,0,1,0,0,0,0,1,0,1,0.679962604
0,0.593397856,0.836105895,0.75,1,0,0,0,0,1,0,0,0,1,1,0.278309335
0.666666667,1.047099484,1.217026764,0.75,1,1,0,0,0,0,0,0,0,0,1,1.283570322
0.666666667,1.889691433,1.160361069,0.75,1,1,0,1,0,1,0,0,0,0,1,1.758281316
0.666666667,1.178567984,1.488714512,0.625,1,1,0,1,0,0,0,0,1,0,1,1.129455313
0.666666667,0.661645017,1.068845454,0.75,0,0,1,1,0,0,0,0,1,0,0,0.688082226
0.333333333,1.897019723,0.787928679,0.75,1,1,0,1,0,1,0,0,1,0,1,1.826659111
0.666666667,0.674648073,1.058140147,0.75,1,1,0,1,0,0,0,0,0,1,0,0.658445215
0,0.893731403,1.179608626,0.75,1,0,0,0,0,0,0,1,0,0,1,0.627107421
1,0.700157682,0.962197452,0.75,1,1,0,1,0,0,0,1,0,0,1,0.404265949
0,0.511144339,1.047318994,0.75,1,1,0,1,0,0,0,0,1,0,1,0.758615459
0,1.540375263,1.502612069,0.75,1,1,0,1,0,0,0,0,1,0,1,1.336078173
0.666666667,1.337482988,1.543182155,0.75,1,1,0,1,0,0,0,0,1,0,1,1.118122477
0.333333333,0.485109609,1.063507126,0.75,1,1,0,1,0,0,0,1,0,0,1,0.634086489
0.666666667,0.774265047,0.744702069,0.75,0,1,0,0,0,0,0,0,0,0,0,0.490355444
0.333333333,1.97921161,2.153788273,0.75,1,1,0,1,0,0,0,0,0,1,0,1.798249205
0.666666667,0.925882968,1.20780267,0.75,1,1,0,1,0,1,0,0,1,0,1,0.940923235
0,0.581013325,0.707195328,0.75,1,1,0,0,0,0,0,0,0,1,0,0.26353665
0,0.63038714,0.856063318,0.75,1,1,0,0,0,0,0,1,1,0,1,0.793044428
0.333333333,1.022870042,1.3215491,0.75,1,1,0,1,0,0,0,1,0,1,1,0.917150676
0,0.79676582,0.944267792,0.75,1,1,0,0,0,0,0,1,0,0,1,0.516295402
0,1.927205266,1.471066476,0.75,1,0,0,0,0,1,0,1,1,0,1,1.744005403
0,0.782135323,0.99712025,0.75,0,1,0,1,0,0,0,0,0,0,0,0.828802285
0.333333333,0.738716756,0.913651593,0.175,1,0,0,1,0,0,0,0,1,0,1,0.609281616
0,0.612156437,0.926010781,0.75,1,1,0,1,0,0,0,1,0,0,1,0.619117085
0,0.931570149,0.950280135,0.025,1,1,0,1,0,0,0,0,0,1,1,1.031585587
0.333333333,0.665528483,0.849455001,0.75,1,1,0,1,0,1,0,0,1,0,1,0.363672604
0,1.133588955,1.412404007,0.75,0,1,0,0,0,0,0,0,0,0,0,1.325525725
0,0.160680909,0.962197452,1,1,0,0,0,0,0,0,0,0,0,1,0.623599537
0,0.710990466,0.882068359,0.75,1,0,0,0,0,0,0,0,1,0,1,0.416915358
0.666666667,0.963462089,1.408620781,0.75,1,1,0,1,0,0,0,0,1,0,1,1.308760997
0.333333333,0.85075131,1.100290466,0.75,1,1,0,1,0,0,0,1,0,0,0,1.212763007
0,0.815592282,1.025318932,0.625,1,1,0,1,0,0,0,1,1,0,1,0.76750738
0.666666667,0.768400903,1.533192894,0.75,1,1,0,1,0,0,0,0,0,0,1,1.077668118
0,2.091114789,2.117142391,0.75,1,1,0,1,0,0,0,0,0,1,1,2.171427356
0,0.779937882,0.856063318,0.75,1,0,1,0,0,0,0,0,0,1,0,0.496903789
0,0.589413447,1.329785531,0.75,1,1,0,1,0,1,0,0,0,1,1,0.794122509
0.333333333,1.704548649,0.395858387,0.75,1,0,0,0,0,0,0,0,0,1,1,1.510264316
0,0.782292098,0.882068359,0.75,1,1,0,0,0,0,0,1,0,0,0,0.708831111
0.333333333,1.109243947,1.556347819,0.75,1,1,0,1,0,0,0,0,1,0,1,1.092069038
0.666666667,0.731650809,1.150596559,0.75,1,1,0,1,0,0,0,0,0,1,1,0.770407897
0,0.520760683,0.668226829,0.375,1,1,0,1,0,0,0,0,1,0,0,1.162237081
0,1.08057571,1.738219671,0.75,1,1,0,0,0,0,0,0,0,0,0,1.224129677
1,0.761382267,1.160361069,0.75,1,1,0,1,0,0,0,0,0,0,1,0.967093747
0.666666667,0.500396104,0.962197452,1,1,0,0,1,0,0,0,0,1,0,1,0.511303942
0,0.696577452,1.01974245,0.75,0,1,0,1,0,0,0,1,1,0,0,0.707216335
0,0.939371077,1.317405305,0.75,1,1,0,0,0,0,0,0,1,0,0,0.932983527
0,0.750761075,0.849455001,0.75,1,0,0,0,0,0,0,1,0,0,0,0.463162225
0.666666667,0.533306249,0.446721117,0.75,1,1,0,1,0,0,0,1,1,0,1,0.558598679
0,0.593397856,0.541287157,0.75,1,1,0,0,0,0,0,0,1,0,1,0.278309335
1,1.064391565,0.882068359,0.75,1,1,0,1,0,1,0,0,0,0,1,0.990274836
0.666666667,1.302227931,2.117142391,0.75,1,1,0,1,0,1,0,0,0,0,1,1.625275038
0,0.93896907,1.058140147,0.75,1,1,0,0,0,0,0,0,1,0,0,0.952600893
0.666666667,1.938959867,1.95544374,0.75,1,1,0,1,0,1,0,0,0,0,1,1.75627639
0,0.809661202,0.944267792,0.75,1,1,0,1,0,0,0,0,1,0,1,0.531122014
0.333333333,1.01693681,1.212425353,0.75,0,1,0,1,0,0,0,1,1,0,1,0.946605666
0.333333333,0.626730862,0.842802723,0.75,1,1,0,0,0,0,0,1,1,0,1,0.566578222
0,1.187284192,1.058140147,0.75,1,1,0,0,0,0,0,1,1,0,1,0.954438371
0,0.265864821,1.438493253,0.75,1,1,0,1,0,0,0,0,0,0,1,0.924389266
1,0.884008292,0.882068359,0.75,1,1,0,1,0,0,0,0,0,1,1,0.616063939
0.666666667,0.780723237,0.944267792,0.75,0,1,0,0,0,0,0,0,0,0,0,0.497809899
0.333333333,1.570545646,1.362069178,0.75,1,1,0,0,0,0,0,0,1,0,0,1.368221917
0,1.971222999,1.030864489,0.75,1,0,0,0,0,1,0,1,0,1,1,1.789924739
0,0.602821132,1.036379462,0.75,1,1,0,0,0,0,1,1,0,0,1,0.664903207
0,1.116901598,1.773045397,0.75,1,1,0,1,0,0,0,0,0,1,1,1.271861259
0.666666667,0.785266171,0.926010781,0.75,1,1,0,0,0,0,0,0,1,0,1,0.503049209
0,0.669396926,0.635920365,0.75,1,1,0,1,0,0,0,1,0,0,0,0.47305204
1,1.14826442,1.193805008,0.375,1,1,0,1,0,0,0,0,0,0,1,0.911537443
0.333333333,0.929272089,1.110556179,0.375,1,0,0,1,0,0,0,0,1,0,1,1.028500508
0,0.522388337,0.875630223,0.75,0,0,0,0,0,0,0,0,1,0,0,0.193113274
0.333333333,0.79072168,0.849455001,0.75,1,0,0,0,0,0,1,0,1,0,1,0.509336174
0.333333333,0.542712809,1.047318994,0.75,1,1,0,1,0,0,0,1,0,1,1,0.690774182
0,0.686794569,0.8948216,0.75,1,0,0,1,0,0,0,1,1,0,1,0.514337442
0,0.642899657,1.184363182,0.75,1,1,0,1,0,0,0,0,0,0,1,0.684030656
0,0.743942922,0.744702069,0.075,1,1,0,0,0,0,0,1,1,0,0,0.455254951
0,0.59830904,1.135768658,0.75,1,1,0,0,0,0,0,0,0,0,1,0.620560066
0,0.980964205,0.901137743,0.75,0,0,0,0,0,0,0,0,1,0,0,0.725558549
0,0.645958561,0.944267792,0.75,1,1,0,1,0,0,0,0,0,0,1,0.696433513
0.666666667,1.171476169,1.196151601,0.75,0,1,0,1,0,1,0,0,0,0,0,0.937078014
0.333333333,0.591881858,0.962197452,0.75,1,1,0,1,0,0,0,1,0,0,1,0.706187392
0.333333333,0.739862316,1.1984927,0.75,1,1,0,1,0,0,0,0,0,1,1,0.931223602
0,0.58464931,1.300656248,0.75,0,1,0,1,0,0,0,1,0,1,0,0.69435222
0,0.781507975,1.068845454,0.375,0,1,0,1,0,0,0,0,0,0,0,1.070848817
0.333333333,1.039370957,0.237917597,0.75,1,1,0,1,0,0,0,0,1,0,1,0.921428965
0,0.624530661,0.773726417,0.75,1,0,0,0,0,0,0,0,0,1,1,0.617832686
1,1.488053283,1.588523039,0.75,1,1,0,1,0,1,0,0,1,0,1,1.280179673
0,0.826600378,1.217026764,0.75,1,1,0,1,0,0,0,0,1,0,1,0.928047911
0,0.86960324,1.304869885,0.75,1,0,0,1,0,0,0,0,1,0,1,0.91976736
0.666666667,0.79429059,0.932133561,0.75,1,1,0,1,0,0,0,1,1,0,1,0.555696708
0.333333333,2.032291099,2.319228761,0.75,1,0,0,1,0,1,0,0,1,0,1,1.85349068
0,1.093061349,1.419927789,0.75,1,1,0,1,0,0,0,0,0,0,1,1.082827935
0,1.078829198,1.068845454,0.75,1,1,0,0,0,1,0,1,1,0,1,0.834768896
0.666666667,1.378556705,1.582170282,0.75,0,1,0,1,0,0,0,0,0,1,0,1.162516669
0,0.910005382,1.002823958,0.75,1,1,0,1,0,0,0,1,0,0,1,0.645559024
0,0.739862316,0.668226829,0.75,1,1,0,0,0,0,0,0,0,1,1,0.450518382
1,0.750761075,1.01974245,0.75,0,1,0,1,0,0,0,0,0,0,0,0.847618261
0,0.570025369,0.005026108,0.75,1,0,0,0,0,0,0,0,0,1,0,0.250400073
0,0.712168213,0.907414243,0.75,0,1,0,1,0,0,0,0,0,1,0,0.758196704
0.333333333,0.753507641,1.3215491,0.75,1,1,0,1,0,0,0,0,0,1,1,0.749362096
0,0.995762187,1.230705309,0.75,0,1,0,1,0,0,0,0,0,1,0,0.929342929
0.666666667,1.896968302,1.634924311,0.75,1,1,0,1,0,0,0,0,0,1,1,1.712410613
0.666666667,1.116003736,1.325675795,1,1,1,0,1,0,0,0,1,1,0,0,1.059654393
1,1.147067799,1.160361069,0.75,1,1,0,1,0,0,0,0,1,0,0,0.910219145
0.666666667,0.710990466,0.932133561,0.175,1,1,0,1,0,0,0,0,0,1,1,0.503589643
0,0.698795296,1.089918274,0.75,0,0,1,1,0,0,0,0,1,0,0,0.76750738
0,0.722705983,0.944267792,0.75,1,1,0,0,0,0,0,0,0,1,1,0.856262464
0.333333333,0.447264174,0.926010781,0.75,1,1,0,1,0,0,0,0,0,0,1,0.572143074
0,0.71485501,1.212425353,0.75,1,1,0,0,0,0,1,0,0,1,1,0.872707535
0.666666667,1.161548198,1.397184461,0.75,1,1,0,1,0,0,0,0,1,0,1,0.92616125
0,0.459028888,0.815742049,0.75,1,1,0,0,0,0,0,0,0,1,0,2.416477484
0,0.712168213,0.353219368,0.75,1,0,0,1,0,0,0,0,1,0,1,0.418289229
0.333333333,0.468513659,0.594011865,0.75,1,1,0,1,0,0,0,0,0,0,0,0.127634112
0.333333333,0.646317818,1.140735761,0.75,0,1,0,1,0,0,0,0,0,0,0,0.681923362
0.333333333,0.884291456,1.261912567,0.175,1,1,0,1,0,0,0,0,0,0,0,1.010221594
0,0.554200244,0.907414243,0.75,1,1,0,1,0,0,0,0,0,1,1,0.538801481
0,0.527862193,0.668226829,0.75,1,0,0,0,0,0,0,1,1,0,1,0.199724314
0,0.948307389,0.842802723,0.75,1,0,1,0,0,0,0,0,1,0,1,0.688830719
0.666666667,0.635302004,0.919850281,0.75,0,1,0,1,0,1,0,0,1,0,0,0.328038072
0,0.683858242,0.550269926,0.375,1,1,0,1,0,0,0,0,1,0,1,0.911417669
0.666666667,1.101868905,1.397184461,0.5,1,1,0,1,0,1,0,0,1,0,0,0.860304613
1,1.425618062,1.685034256,0.75,1,0,1,0,0,1,0,0,1,0,1,1.213205991
0,0.822392408,1.120717578,0.375,1,1,0,1,0,0,0,0,0,0,1,0.996674793
0,1.868490391,1.588523039,0.75,1,1,0,1,0,1,0,0,0,1,1,1.682614011
0,0.818469089,0.944267792,0.75,1,1,0,0,0,0,0,1,0,0,1,0.541232631
0.666666667,1.144561136,1.325675795,0.75,1,1,0,1,0,1,0,1,0,0,0,1.021014317
0,0.681606983,0.801932059,0.75,0,1,0,0,0,0,0,0,1,0,0,0.382550409
0,1.474337411,1.296424781,0.75,1,1,0,1,0,1,0,0,0,0,1,1.265492661
0.666666667,1.076495761,1.346057628,0.75,1,1,0,1,0,0,0,0,0,1,1,0.83217909
1,0.091501424,1.839256808,0.375,1,0,0,0,0,0,1,0,0,1,0,2.573868654
0,0.665352289,1.184363182,0.75,1,1,0,1,0,0,1,1,0,0,1,0.819916349
1,1.067460845,1.047318994,0.75,1,1,0,1,0,0,0,0,0,1,1,0.822145246
0,0.794445472,1.261912567,0.75,1,1,0,0,0,0,0,0,0,0,1,1.082827935
0.333333333,1.62261887,2.146565743,0.75,1,0,0,1,0,0,0,0,1,0,1,1.423555587
0,0.574280653,0.962197452,0.375,1,1,0,1,0,0,0,1,0,1,0,0.885204461
0.333333333,0.750761075,1.266292295,0.75,1,1,0,1,0,0,0,0,1,0,1,0.847618261
0.666666667,0.841485925,1.193805008,0.75,1,1,0,1,0,0,0,1,0,0,1,0.781381052
0,0.723205022,0.932133561,0.75,1,1,0,1,0,0,0,0,0,0,1,0.751472664
0,0.66640899,0.67614296,0.75,1,0,0,0,0,0,0,0,0,0,1,0.364707781
1,0.858915751,0.395858387,0.375,1,1,0,1,0,0,0,0,0,0,1,0.587495663
0.333333333,1.313719061,1.56610955,0.75,1,1,0,1,0,0,0,0,0,1,1,1.116074713
0.666666667,1.267616002,1.325675795,0.75,1,1,0,1,0,0,0,0,0,1,1,1.042256477
0,0.925882968,1.074155436,0.75,0,0,0,0,0,1,0,0,1,0,0,0.663522858
