,Dependents,ApplicantIncome,LoanAmount,Loan_Amount_Term,Credit_History,Gender_Male,Gender_nan,Married_Yes,Married_nan,Self_Employed_Yes,Self_Employed_nan,Education_Not Graduate,Property_Area_Semiurban,Property_Area_Urban,Loan_Status_Y,TotalIncome
0,0.0,1.0845232136427367,1.0581401468096305,0.75,1.0,1,0,0,0,0,0,0,0,1,1,0.8410857163749511
1,0.3333333333333333,0.9258829679573655,1.0473189942805592,0.75,1.0,1,0,1,0,0,0,0,0,0,0,0.8717109718398506
2,0.0,0.6838582419070228,0.6359203649278432,0.75,1.0,1,0,1,0,1,0,0,0,1,1,0.3851894195209513
3,0.0,0.6089922015993529,1.0028239583923553,0.75,1.0,1,0,1,0,0,0,1,0,1,1,0.7170116029348105
4,0.0,1.101868905295361,1.115649785268804,0.75,1.0,1,0,0,0,0,0,0,0,1,1,0.8603046129103662
5,0.6666666666666666,1.0331692359335212,1.6104451569309886,0.75,1.0,1,0,1,0,1,0,0,0,1,1,1.2356284700221234
6,0.0,0.561264568725144,0.8494550005250987,0.75,1.0,1,0,1,0,0,0,1,0,1,1,0.5440038713814215
7,1.0,0.6900661752090693,1.1984926996651186,0.75,0.0,1,0,1,0,0,0,0,1,0,0,0.8005667014357122
8,0.6666666666666666,0.8442892995411061,1.244199272718493,0.75,1.0,1,0,1,0,0,0,0,0,1,1,0.7994955490378659
9,0.3333333333333333,1.6779562926189275,1.8367896511578077,0.75,1.0,1,0,1,0,0,0,0,1,0,0,2.0374327765554523
10,0.6666666666666666,0.7178690526549555,0.668226828860697,0.75,1.0,1,0,1,0,0,0,0,0,1,1,0.5527862918105673
11,0.6666666666666666,0.5933978564052077,0.9382190811976365,0.75,1.0,1,0,1,0,0,1,0,0,1,1,0.6255144536752172
12,0.6666666666666666,0.6964066442230763,1.3778283931710922,0.75,1.0,1,0,1,0,0,0,0,0,1,1,1.3628214701715122
13,0.0,0.46270413058781595,0.9681032712756389,0.75,1.0,1,0,0,0,0,0,0,0,0,0,0.6802645094499633
14,0.6666666666666666,0.3353821580643663,0.12139407904377161,0.25,1.0,1,0,1,0,0,0,0,0,1,1,0.2520226628590253
15,0.0,0.9745176026074824,1.0308644889336176,0.75,1.0,1,0,0,0,0,0,0,0,1,1,0.7183201054424656
16,0.3333333333333333,0.781978522801257,0.8820683588931876,0.5,1.0,1,0,0,0,0,0,1,0,1,1,0.4992579699570602
17,0.0,0.7684009032397595,0.7148100616148066,0.75,0.0,0,0,0,0,0,0,0,0,1,0,0.4835802174623994
18,0.0,0.966335260588677,1.074155436397785,0.75,1.0,1,0,1,0,0,0,1,0,0,0,0.7091244269514781
19,0.0,0.612156437238707,0.9739744168651152,0.75,1.0,1,0,1,0,0,1,0,0,1,1,0.8728320352733607
20,0.0,1.275018066931265,0.9074142428510636,0.75,0.0,1,0,1,0,0,0,1,0,1,0,1.0503158936570904
21,0.3333333333333333,1.0967310572508198,1.7490650294079493,0.75,1.0,1,0,1,0,0,0,0,0,1,1,1.3929467360697012
22,0.0,0.612156437238707,0.9798112932059422,0.75,0.0,1,0,1,0,0,0,1,1,0,0,0.6524109338097672
23,0.6666666666666666,0.745082513869227,0.9562565460230884,0.75,0.0,0,1,1,0,0,0,1,0,0,0,0.7654304186887159
24,0.3333333333333333,0.8007750467140152,1.16520780127452,0.75,1.0,1,0,1,0,0,1,0,1,0,0,0.9381281776713063
25,0.0,1.4422040188197969,1.3420143596957865,0.75,1.0,1,0,1,0,1,0,0,1,0,1,1.2310274050076777
26,0.0,0.6484706517479765,1.014134696817852,0.75,1.0,1,0,1,0,0,0,0,1,0,1,0.7330313593230168
27,0.6666666666666666,0.8761896999057851,0.9442677916098929,0.75,1.0,1,0,1,0,0,0,1,0,1,1,0.7632102284153898
28,0.0,0.3698305306273655,0.34226935430553895,0.75,1.0,1,0,0,0,0,0,1,0,1,0,0.005599283908393932
29,0.6666666666666666,0.8058406415080777,1.0028239583923553,0.75,1.0,0,0,0,0,0,1,0,1,0,1,0.8390274652319268
30,0.3333333333333333,0.8675900238576436,1.3817296953006006,0.75,1.0,1,0,1,0,0,1,0,0,1,0,1.0371993586271775
31,0.0,0.7123363495709564,0.6995221659286558,0.75,1.0,1,0,0,0,0,0,0,0,1,0,0.4184853421915556
32,0.3333333333333333,0.9405761305005749,0.9198502806298471,0.75,1.0,1,0,0,0,1,0,0,0,0,0,0.6801135681609324
33,0.0,0.7668100787778263,0.9681032712756389,0.75,1.0,1,0,1,0,0,0,0,1,0,1,0.7493620956483444
34,1.0,1.6558864134763633,1.7624583857121712,0.75,1.0,1,0,0,0,0,0,0,0,0,0,1.6476662938943263
35,0.0,0.5498584608575903,1.0581401468096305,0.75,1.0,1,0,1,0,0,0,0,0,1,1,0.6258332502844867
36,0.0,0.45729467684115827,0.8820683588931876,0.75,0.0,1,0,1,0,0,0,0,0,1,0,0.41671893611744754
37,0.0,0.7930506743381199,1.130776759710356,0.75,1.0,0,0,1,0,0,0,0,1,0,1,0.7435703766379439
38,0.0,0.8675900238576436,1.3132442669022846,0.75,1.0,1,0,0,0,0,0,0,0,1,1,1.3777345868715176
39,0.0,0.8055343651372023,0.9442677916098929,0.75,1.0,1,0,0,0,0,0,1,1,0,1,0.7838335059026826
40,0.0,0.7826055754393559,0.74470206863586,0.75,1.0,1,0,0,0,0,0,0,0,1,0,0.49998121980314153
41,0.0,0.4512011443139235,0.46636329031476104,0.75,1.0,1,0,0,0,0,0,0,0,1,1,0.3878214835094418
42,0.0,0.5742806532541033,0.7071953284565446,0.75,1.0,1,0,1,0,0,0,0,0,1,1,0.2554908002537674
43,0.0,0.8346660823590979,1.0794373712975707,0.75,1.0,1,0,1,0,0,0,0,1,0,1,0.8946279952549302
44,0.0,0.940977492460863,0.8560633179819123,0.75,1.0,1,0,1,0,1,0,1,0,1,1,0.6805663236953966
45,0.0,0.7523776155656111,0.8019320589476305,0.75,1.0,0,0,0,0,0,0,0,0,1,1,0.4650357296672488
46,0.3333333333333333,1.0610756180157026,0.4367534291475582,0.75,1.0,1,0,1,0,0,0,0,0,1,1,0.8150479775506501
47,0.0,1.081273461767798,1.130776759710356,0.75,1.0,1,0,1,0,0,0,0,0,1,1,0.8374809919613809
48,0.0,0.6204843439069734,1.0028239583923553,0.75,0.0,0,0,1,0,0,0,0,0,1,0,0.8709628973952496
49,0.0,0.8434048720396717,1.130776759710356,0.75,1.0,0,0,0,0,0,0,0,1,0,1,0.894384348124208
50,0.0,0.47875910399207106,0.8820683588931876,0.75,1.0,0,0,1,0,0,0,1,1,0,1,0.4949074514342563
51,0.0,0.698624866971889,1.0028239583923553,0.75,1.0,0,0,0,0,0,0,0,1,0,1,0.4024742235185773
52,0.0,0.8767603906710902,0.9562565460230884,0.75,1.0,0,0,0,0,0,0,0,1,0,0,0.6078222570125368
53,0.6666666666666666,0.9303541869014047,1.0794373712975707,0.75,1.0,1,0,1,0,0,0,0,0,1,0,0.6685748486741726
54,0.3333333333333333,1.5882063984414745,1.6676336863934187,0.75,0.0,0,0,1,0,1,0,0,0,1,0,1.3870087374947888
55,0.6666666666666666,0.6320281134750358,0.8626282521130624,0.75,1.0,1,0,1,0,0,0,0,1,0,1,0.548490820829699
56,0.0,0.5211678450373639,0.8560633179819123,0.75,1.0,1,0,1,0,0,0,0,1,0,1,0.521969586229816
57,0.0,0.7452452067623468,1.0846915538828075,0.75,1.0,1,0,1,0,0,0,0,0,0,0,0.8040400438783972
58,0.3333333333333333,1.3144559097363868,1.2964247807341902,0.75,1.0,1,0,1,0,0,0,0,0,1,1,1.295878075800562
59,0.6666666666666666,0.74378001696168,1.130776759710356,0.75,1.0,1,0,1,0,0,0,1,0,1,1,0.8871699205664038
60,0.0,0.5933978564052077,1.0028239583923553,0.75,1.0,1,0,1,0,0,0,0,0,1,1,0.8969396870215338
61,1.0,0.688862091500195,0.8756302230223979,0.75,1.0,1,0,1,0,0,0,0,0,1,1,0.3910514653681382
62,0.0,0.6138275761371537,1.2307053088294693,0.375,0.0,1,0,1,0,1,0,1,0,0,0,0.867589619837207
63,0.3333333333333333,0.9738706506987292,1.0581401468096305,0.75,0.0,1,0,1,0,0,0,0,0,0,0,0.7175933709952095
64,0.0,0.8675900238576436,0.9798112932059422,0.75,0.0,0,0,0,0,0,0,0,1,0,0,0.5973827144646994
65,0.0,1.0701681463105372,1.5821702819025452,0.75,1.0,1,0,1,0,0,0,0,1,0,0,1.2951438669173858
66,0.0,0.7178690526549555,1.0363794622388776,0.375,0.0,1,0,0,0,0,0,1,0,1,0,0.7889912401612391
67,0.3333333333333333,1.5342599593144932,1.7409420577822838,0.75,1.0,1,0,1,0,0,0,0,0,1,1,1.3295550915611876
68,1.0,1.2198916962380262,1.0308644889336176,0.125,1.0,1,0,1,0,1,0,1,0,1,1,0.9901641323987347
69,0.0,0.8866951166156882,1.0899182742620022,0.75,0.0,0,0,0,0,0,0,0,1,0,0,0.6191170854761905
70,0.0,0.7192057167080733,1.2619125665804638,0.75,1.0,1,0,1,0,0,0,0,0,1,1,0.8942625022937586
71,0.6666666666666666,0.4674403640245169,0.8626282521130624,0.75,1.0,1,0,1,0,1,0,1,1,0,1,0.5267322622731012
72,0.0,0.7668100787778263,0.7520375132282551,0.625,1.0,1,0,0,0,0,0,0,1,0,1,0.4817411677692825
73,1.0,0.9489710868930105,0.8494550005250987,0.75,0.0,1,0,1,0,0,0,1,1,0,0,0.6895786515165593
74,1.0,1.0145784794618307,1.3256757954866674,0.75,1.0,1,0,1,0,1,0,0,1,0,1,0.9834993608792272
75,0.0,0.8058406415080777,0.9621974516591789,1.0,1.0,1,0,0,0,0,0,0,0,1,0,0.5267322622731012
76,0.0,0.8058406415080777,1.2793175528845628,0.75,1.0,1,0,0,0,0,0,0,0,1,0,1.13425950758154
77,0.3333333333333333,0.2592746636575961,0.9442677916098929,0.75,1.0,1,0,1,0,1,0,0,0,1,0,0.5734874781893752
78,1.0,0.7123363495709564,1.2964247807341902,0.625,0.0,1,0,1,0,0,0,0,1,0,0,0.9975543399147517
79,1.0,0.7398623162088701,1.0581401468096305,0.75,1.0,1,0,1,0,1,0,1,1,0,1,0.7950648771598208
80,0.0,0.8204326727911612,0.9502801349879435,0.75,1.0,0,0,0,0,0,0,0,1,0,1,0.5434848485340629
81,0.3333333333333333,0.5733151319424562,1.1961516006209216,0.75,1.0,1,0,1,0,1,0,0,1,0,1,0.2543360903819658
82,0.6666666666666666,0.3545595976306374,1.239721486215054,0.75,1.0,0,0,1,0,0,0,0,0,1,0,0.43636519780347116
83,0.0,1.101868905295361,1.6042305793287979,0.75,1.0,1,0,1,0,0,0,0,1,0,0,1.1100043523266716
84,0.3333333333333333,0.8416336669360683,0.4951215626052607,0.5,1.0,1,0,1,0,0,0,0,0,1,1,0.56776123596165
85,0.0,0.567696649841595,1.0899182742620022,0.75,1.0,1,0,0,0,0,0,0,1,0,1,0.7105897161668018
86,0.6666666666666666,0.7398623162088701,0.8756302230223979,0.75,1.0,1,0,1,0,0,0,1,1,0,1,0.7724745567137921
87,0.0,0.5933978564052077,0.9074142428510636,0.75,1.0,1,0,1,0,0,0,0,1,0,1,0.6688802111857397
88,0.0,1.3582307130716142,1.4161729737354232,0.75,1.0,1,0,0,0,0,0,0,0,1,1,1.1405659081736366
89,0.0,1.066517454219046,1.2749946238569647,0.75,1.0,1,0,1,0,0,0,0,1,0,1,1.2569658713396996
90,0.0,0.6765666062289187,1.0635071260146272,0.75,1.0,1,0,1,0,0,0,0,1,0,1,0.8422416236547697
91,0.6666666666666666,1.1299415545602005,1.329785531056352,0.375,1.0,1,0,1,0,0,0,0,1,0,1,1.416641420842684
92,0.6666666666666666,0.73000038438916,0.7520375132282551,0.75,1.0,1,0,1,0,0,0,1,0,1,1,0.7388842609146558
93,0.0,0.8628284879984994,1.014134696817852,0.75,1.0,1,0,0,0,0,0,0,1,0,1,0.5919569369124209
94,0.0,0.7857349542302718,0.22562109980977008,0.25,1.0,1,0,0,0,0,0,1,1,0,1,0.5035896434246142
95,0.0,1.1871796286599483,1.0581401468096305,0.75,1.0,1,0,0,0,0,1,0,0,1,0,0.9543236270307438
96,0.0,0.5903635570384349,1.095117818018336,0.75,1.0,0,0,1,0,0,0,0,1,0,1,0.694203390807098
97,0.0,0.48911083526404275,0.4951215626052607,0.75,1.0,1,0,1,0,0,0,0,1,0,1,0.3799044166436415
98,0.0,0.8707518318825767,0.9739744168651152,0.375,1.0,1,0,1,0,0,0,1,1,0,1,0.6009836131779702
99,0.0,0.44221094002989647,1.0635071260146272,0.75,1.0,1,0,1,0,0,0,0,1,0,1,0.7679222548926368
100,0.6666666666666666,0.884999015121457,1.074155436397785,0.375,1.0,1,0,1,0,0,0,1,0,1,1,1.0388879077919497
101,0.0,0.9605806393889675,1.16520780127452,0.75,1.0,1,0,0,0,0,0,0,1,0,1,1.1484406425663403
102,0.0,1.7284457523149117,1.0581401468096305,0.75,1.0,1,0,1,0,0,0,0,0,1,1,1.5354791334439593
103,0.0,0.9352091873010053,1.0581401468096305,0.75,1.0,1,0,1,0,0,0,0,1,0,1,1.1085301639872007
104,0.0,0.8158954942361055,1.2078026703198597,0.75,1.0,1,0,0,1,0,0,0,0,1,1,0.6615256511518448
105,0.3333333333333333,0.692812934474583,0.8820683588931876,0.75,1.0,1,0,1,0,0,0,0,0,1,1,0.5835133074476613
106,0.6666666666666666,1.582377546055183,1.4710664757259062,0.75,1.0,1,0,1,0,0,0,0,0,1,1,1.4617886628782197
107,0.0,1.2431984611094733,1.0028239583923553,0.75,1.0,1,0,0,0,0,1,1,0,0,0,1.0156325156577606
108,0.6666666666666666,0.8134672218960857,1.4384932530820864,0.75,0.0,1,0,1,0,0,0,0,0,1,0,1.0228375509711238
109,1.0,0.5086742108789872,0.8428027225425222,1.0,1.0,1,0,1,0,0,0,1,1,0,1,0.3490664705983076
110,0.0,1.0207727126329273,1.0899182742620022,0.75,1.0,1,0,0,0,0,0,0,0,1,1,0.7701320197027329
111,0.0,0.6715006950184319,1.1054364959278977,0.75,1.0,0,0,1,0,0,1,0,1,0,1,0.7626544097966506
112,0.0,0.7782079273723487,1.170031155615425,0.75,0.0,1,0,1,0,0,0,1,0,0,0,1.0530226518163783
113,0.3333333333333333,1.2547978657162078,1.1961516006209216,0.75,1.0,0,0,0,0,1,0,0,1,0,1,1.028287393043987
114,0.0,0.987369515450446,0.9913838221833549,0.75,1.0,1,0,0,0,0,1,0,1,0,1,0.7327449737680651
115,0.3333333333333333,1.783674891775475,1.3174053048419605,0.375,1.0,1,0,1,0,0,0,0,0,0,1,1.5936296422895302
116,0.0,0.7123363495709564,1.1796086261671643,0.75,1.0,0,0,1,0,0,0,0,1,0,1,0.7884495718027209
117,0.3333333333333333,0.537720336881853,0.780852760979051,0.75,1.0,1,0,1,0,0,0,0,0,1,1,0.5021478360859292
118,0.0,1.0514206747565236,1.2749946238569647,0.75,1.0,1,0,1,0,0,0,0,0,0,0,1.0555147116165122
119,0.0,1.508659854695974,1.5853517050901833,0.75,1.0,0,0,0,0,0,0,0,0,1,1,1.30221873952568
120,0.0,1.063208560328423,1.2964247807341902,0.75,1.0,1,0,1,0,0,0,0,0,0,1,1.1182198848737432
121,0.0,0.8675900238576436,0.4367534291475582,0.75,1.0,0,0,0,0,0,0,0,1,0,1,0.5973827144646994
122,0.0,0.5221850252981907,1.095117818018336,0.75,0.0,0,0,0,0,0,0,0,1,0,1,1.3580816148419108
123,0.6666666666666666,0.6763923461802077,0.7520375132282551,0.75,1.0,1,0,1,0,0,0,0,1,0,1,0.37643367429542374
124,0.0,0.8866951166156882,1.3540954489461263,0.75,1.0,1,0,1,0,0,0,1,0,0,1,0.8991247923374412
125,0.0,0.796920318748601,0.836105895237727,0.75,1.0,0,0,0,0,0,0,0,0,0,1,0.5164732086362055
126,1.0,2.2095843267025255,1.887363239944914,0.75,1.0,0,1,1,0,0,0,0,0,0,1,2.037199663574346
127,0.0,0.8232956080478274,1.0581401468096305,0.75,1.0,1,0,0,0,0,0,0,0,0,1,0.7958719153835911
128,0.3333333333333333,1.516589481528974,1.2078026703198597,0.375,0.0,1,0,1,0,1,0,0,0,1,0,1.5802193800897624
129,0.0,1.110938182574655,1.304869885290794,0.75,1.0,1,0,1,0,0,0,0,0,0,0,1.1484406425663403
130,0.0,2.0624623027609563,2.3927021076112345,1.0,1.0,1,0,0,0,1,0,0,0,1,1,1.8848386263271404
131,0.0,0.4968570506311368,0.6995221659286558,0.75,1.0,1,0,0,0,0,0,0,0,1,1,0.5601316136233174
132,0.0,0.6338482648680506,0.668226828860697,0.75,1.0,1,0,0,0,0,0,0,1,0,1,0.3263193384513388
133,0.0,0.7602611099911726,0.22562109980977008,0.25,1.0,1,0,1,0,1,0,0,1,0,1,0.4741655034426528
134,0.0,0.9673780067549402,0.8948216004519626,0.75,1.0,1,0,0,0,0,0,0,1,0,1,0.7102968300391996
135,1.0,0.8434048720396717,1.6792676429591522,0.75,1.0,1,0,1,0,0,0,0,1,0,0,1.405449112087918
136,0.0,0.9258829679573655,0.7737264169059249,0.75,1.0,0,0,1,0,0,0,0,0,0,0,0.6635228580314887
137,0.6666666666666666,0.7370779624679484,0.8019320589476305,0.75,1.0,1,0,1,0,1,0,0,0,1,1,0.9582175379021598
138,0.0,1.8073499570517118,1.5298408418836982,0.75,0.0,1,0,0,0,0,0,0,1,0,0,1.6185059631277996
139,0.6666666666666666,0.8724722500817064,1.052744207641437,0.75,1.0,1,0,1,0,0,0,1,0,0,0,0.8125387623015071
140,0.6666666666666666,0.9863474189138896,1.3174053048419605,0.75,1.0,1,0,1,0,0,0,0,0,0,0,0.9929280638803908
141,0.0,1.0331692359335212,1.244199272718493,0.75,1.0,1,0,0,0,0,0,0,0,1,1,0.7839695771252918
142,0.0,1.2045947188661432,1.2749946238569647,0.375,1.0,1,0,0,0,1,0,0,1,0,1,0.973418170208086
143,0.0,0.6302046430889398,1.014134696817852,0.75,1.0,1,0,1,0,0,0,0,1,0,1,0.6861335190908489
144,0.6666666666666666,1.6060422651405775,1.3256757954866674,0.375,1.0,1,0,1,0,0,0,0,0,1,1,1.4059605802189863
145,0.0,0.5606777773810825,0.8820683588931876,0.75,1.0,0,0,1,0,0,0,0,1,0,1,0.9582175379021598
146,0.6666666666666666,1.799841545421286,0.668226828860697,0.75,1.0,0,0,1,0,0,0,0,0,1,1,1.6106198107519796
147,0.3333333333333333,0.39230838548685815,0.285645115542029,0.75,1.0,1,0,1,0,0,0,0,0,1,1,0.37766001815135686
148,0.0,1.4772365200203108,1.4710664757259062,0.75,1.0,0,0,0,0,0,0,0,0,0,0,1.3992910023536056
149,0.0,0.9628079431115657,1.0308644889336176,0.75,1.0,1,0,1,0,0,0,0,1,0,1,0.8204412425473051
150,0.0,1.132926779922549,0.9913838221833549,0.75,0.0,1,0,0,0,0,0,0,0,0,0,0.8946279952549302
151,0.0,0.6078730177405404,1.170031155615425,0.75,1.0,1,0,1,0,1,0,0,0,0,1,0.9006999597898737
152,0.0,1.4097573007988389,1.536533747316058,0.75,1.0,1,0,0,0,0,0,0,0,1,0,1.19614300609085
153,0.6666666666666666,0.551044454414343,0.9621974516591789,0.75,1.0,1,0,1,0,0,0,1,0,0,0,0.2276403168492139
154,0.0,0.7268570543407427,0.4951215626052607,0.75,1.0,1,0,0,0,0,0,0,0,1,1,0.43540163810842747
155,1.0,2.685344787245456,2.319228761260689,0.375,0.0,1,0,1,0,0,0,0,1,0,1,2.5253642480424534
156,0.3333333333333333,1.101868905295361,1.2078026703198597,0.75,1.0,1,0,1,0,0,0,0,0,0,1,0.8603046129103662
157,0.3333333333333333,1.4404197595640302,1.3256757954866674,0.75,1.0,1,0,1,0,0,0,0,0,1,1,1.229111293916725
158,0.0,0.6803926645827855,1.0028239583923553,0.75,1.0,1,0,0,0,0,1,0,0,0,1,0.7346050155042516
159,0.0,0.9258829679573655,1.5725648290372745,0.75,1.0,1,0,1,0,0,0,0,1,0,1,1.285879297656107
160,0.0,0.4648597451796456,0.8691503688248272,0.75,1.0,1,0,1,0,0,0,1,1,0,1,0.36553515147256765
161,0.0,1.3008288790604197,1.6349243108573863,0.75,1.0,1,0,1,0,0,0,0,0,1,0,1.078377906106476
162,0.3333333333333333,0.6991360665127179,1.0084953191203267,0.75,0.0,1,0,1,0,0,0,0,1,0,0,0.6301270868467367
163,0.6666666666666666,0.8677339594898775,1.1984926996651186,0.75,1.0,1,0,1,0,0,0,0,0,0,1,0.8104208444944556
164,0.0,1.4228130221647783,0.7071953284565446,0.375,1.0,1,0,1,0,0,0,0,0,1,1,1.2101898238571367
165,0.0,0.7992349381399844,1.304869885290794,0.75,1.0,1,0,1,0,0,0,0,0,0,1,0.964711738610357
166,0.0,0.9258829679573655,0.9562565460230884,0.75,1.0,0,0,1,0,0,0,0,0,0,0,0.6635228580314887
167,0.0,0.5817798952141606,1.052744207641437,0.75,1.0,1,0,1,0,0,0,0,0,0,1,0.8311412872526281
168,0.0,0.5423143268451499,0.6109865986983464,1.0,0.0,1,0,0,0,0,0,0,1,0,0,0.21714301682747136
169,0.6666666666666666,1.3070628781563547,1.3778283931710922,0.75,1.0,1,0,1,0,0,0,0,1,0,1,1.0851462291394613
170,0.0,0.4555574531384918,0.8494550005250987,0.75,1.0,1,0,1,0,0,1,1,0,0,1,0.4979910226731295
171,1.0,2.9282815469076646,2.4611446441003513,0.625,1.0,0,1,1,0,0,0,0,0,1,1,2.7726556294106697
172,1.0,0.7703065580513807,0.7520375132282551,0.375,1.0,1,0,1,0,0,0,1,0,0,0,0.4857826220009267
173,0.0,1.068050012535173,1.3256757954866674,0.75,1.0,1,0,1,0,0,0,0,1,0,1,1.3744983606219587
174,0.0,0.8928896584953769,0.7949548808087995,0.75,1.0,1,0,1,0,1,0,1,1,0,0,0.737032169107047
175,0.0,0.7663323375293197,0.9798112932059422,0.75,1.0,1,0,1,0,0,0,0,0,0,1,0.7899384543569175
176,0.6666666666666666,0.5033012425176326,0.8884653101810802,0.75,1.0,1,0,1,0,0,0,0,0,0,1,0.5114826380122476
177,1.0,1.0451729447599734,2.1447519305485256,0.75,0.0,1,0,1,0,0,0,0,1,0,0,1.7204433905465013
178,0.3333333333333333,0.8058406415080777,0.9798112932059422,0.75,1.0,1,0,1,0,0,0,0,1,0,1,0.5267322622731012
179,0.0,0.561264568725144,0.8948216004519626,1.0,0.0,1,0,0,0,0,0,1,0,1,0,0.5326976187131379
180,0.3333333333333333,1.1464144919980037,1.2964247807341902,0.75,0.0,1,0,1,0,0,0,0,0,1,0,1.5354791334439593
181,0.0,0.4762075669022376,0.6440953542529853,0.75,1.0,1,0,0,0,0,0,0,0,0,0,0.9766776648885562
182,0.0,0.9281888197362409,0.6917896704125612,0.375,1.0,1,0,1,0,0,0,0,1,0,1,0.6661285858961545
183,0.3333333333333333,2.53005995328849,1.5885230389143743,0.75,1.0,1,0,1,0,0,0,0,1,0,0,2.366674447302439
184,0.0,0.7865157711605733,0.9321335611238337,0.75,1.0,0,0,1,0,0,0,0,1,0,1,0.5044897185066323
185,0.0,2.6652279688410916,1.0028239583923553,0.75,1.0,1,0,1,0,1,0,0,1,0,1,2.6142547145401447
186,0.3333333333333333,0.5304871049555521,0.6359203649278432,0.625,0.0,1,0,1,0,1,0,0,0,0,0,0.20289188631633806
187,0.0,0.5709940701756788,0.567996957419119,0.75,1.0,1,0,1,0,0,0,0,0,0,1,0.6539616601122836
188,0.0,0.16910984371637278,1.244199272718493,0.75,1.0,0,1,1,0,1,0,0,0,0,1,0.8565155778101186
189,0.0,1.423226021745259,1.329785531056352,0.375,1.0,1,0,1,0,0,0,0,0,0,1,1.210633948834986
190,0.0,0.9660744040648067,0.4760415657150905,0.75,1.0,1,0,0,0,0,0,1,0,0,1,0.7088311112834224
191,0.0,1.622618869766701,1.226166551463339,0.75,1.0,1,0,0,0,0,0,0,1,0,0,1.4235555872069663
192,0.0,1.1056199540184144,1.2078026703198597,0.75,1.0,1,0,1,0,0,0,1,0,1,0,0.8644560361570265
193,0.0,0.8222417957847955,0.7148100616148066,0.75,1.0,1,0,0,0,0,0,0,1,0,1,0.5455593255699913
194,0.0,0.8711822139968012,1.0028239583923553,0.75,1.0,1,0,0,0,0,0,0,0,0,1,0.6014736417196872
195,0.3333333333333333,0.7052501640741342,1.2530951392341805,0.75,1.0,1,0,1,0,0,0,0,1,0,0,0.8227998601418132
196,0.0,1.33748298849934,1.3256757954866674,0.75,1.0,1,0,0,0,0,0,0,0,0,1,1.4294951674702476
197,0.0,0.4742896325682712,1.0028239583923553,0.75,1.0,0,0,0,0,0,0,1,0,1,1,0.6146144512699262
198,0.0,0.7533462871890502,0.9621974516591789,0.75,1.0,0,0,1,0,0,0,0,1,0,1,0.8891315246468477
199,0.0,1.5525673748915831,0.7665489233259442,0.75,1.0,1,0,0,0,1,0,0,0,1,0,1.3490753830070596
200,0.3333333333333333,0.612156437238707,0.8157420488379745,0.75,1.0,1,0,1,0,0,0,1,1,0,1,0.7398801221269694
201,0.6666666666666666,0.9710190794311844,1.2352235589196747,0.75,0.0,1,0,0,0,0,0,0,1,0,1,0.7143894501539241
202,1.0,0.8422244172800074,0.9621974516591789,0.375,1.0,1,0,1,0,0,0,1,0,1,0,0.5684366158990752
203,0.3333333333333333,0.7668100787778263,1.0846915538828075,0.75,1.0,1,0,1,0,0,0,1,0,1,1,0.6635228580314887
204,0.6666666666666666,0.8310893540804764,1.025318931951693,0.75,1.0,1,0,1,0,0,0,1,1,0,1,0.555696708312259
205,0.0,0.9018319498692202,1.0028239583923553,0.75,1.0,0,0,0,0,0,0,1,1,0,1,0.6362969259556239
206,0.0,0.7251986929188969,0.74470206863586,0.75,1.0,0,0,0,0,0,0,0,0,1,1,0.43347172889542196
207,0.0,0.8397113145684865,0.5412871568293904,0.75,1.0,1,0,0,0,0,0,1,0,0,1,0.9221402369125178
208,0.0,0.5894134472292875,0.5767440064101305,0.75,1.0,1,0,0,0,0,0,0,0,1,1,0.2735604429993322
209,0.0,0.753668969325747,1.041864187355288,0.75,1.0,1,0,0,0,0,0,0,1,0,0,0.4665320100537884
210,0.0,1.4772365200203108,1.4311083769096833,0.75,1.0,0,0,0,0,0,0,0,1,0,0,1.2685982294202445
211,1.0,0.7556028785996456,1.0473189942805592,0.75,0.0,1,0,1,0,0,0,0,1,0,0,0.678300493358814
212,0.3333333333333333,1.2871082132944516,1.5231028394688957,0.75,1.0,1,0,1,0,1,0,0,0,1,1,1.0634684013395965
213,1.0,1.0674608449529832,1.0581401468096305,0.75,1.0,1,0,1,0,1,0,1,0,0,1,0.8221452464174375
214,0.0,0.7133445750955713,1.095117818018336,0.75,1.0,1,0,1,0,0,0,0,0,1,1,0.8844664166247023
215,1.0,0.8210360775205516,0.8820683588931876,0.75,1.0,1,0,1,0,0,0,1,1,0,1,0.7011745485505217
216,0.0,0.004633635428901479,1.0846915538828075,0.75,1.0,1,0,1,0,0,0,0,0,0,0,0.14582780822640845
217,0.0,0.802312787000579,1.0635071260146272,0.75,1.0,1,0,1,0,0,0,0,1,0,1,0.7954684776855406
218,0.6666666666666666,0.9809642053448391,0.6839969171643362,0.75,0.0,1,0,1,0,0,1,0,1,0,0,0.725558548983045
219,0.6666666666666666,0.8842914562407301,1.041864187355288,0.75,1.0,0,0,1,0,0,0,0,1,0,1,0.9409232346889399
220,0.0,0.5391207432284929,0.5854152075009853,0.75,0.0,1,0,1,0,0,0,0,0,1,0,0.2132983300377826
221,0.6666666666666666,0.8447312201351685,0.9798112932059422,0.75,1.0,1,0,1,0,0,0,0,1,0,1,0.8251529277470993
222,0.0,0.6788292278310417,1.130776759710356,0.75,1.0,1,0,0,0,0,0,0,1,0,1,0.8298425170377539
223,0.0,1.2671334486064683,1.2749946238569647,0.75,1.0,1,0,1,0,0,0,0,1,0,1,1.1426592346307465
224,0.0,1.1299415545602005,1.0473189942805592,0.75,1.0,1,0,1,0,0,0,0,1,0,1,0.8913337395571977
225,0.0,0.7261940397549977,1.2530951392341805,0.75,1.0,1,0,1,0,0,0,0,0,0,0,0.43463012131160844
226,0.0,0.9463136488252378,1.100290466303296,0.75,1.0,1,0,1,0,1,0,1,0,1,0,0.6865835578580327
227,0.6666666666666666,1.1299415545602005,1.4161729737354232,0.75,1.0,1,0,1,0,0,0,0,1,0,1,1.0795935155917447
228,0.0,0.9493690942083322,1.1984926996651186,1.0,1.0,1,0,0,1,0,0,0,1,0,1,0.6900271428553001
229,0.0,1.1464144919980037,1.3778283931710922,0.75,1.0,1,0,0,0,1,0,0,0,0,1,0.9094993398626434
230,0.3333333333333333,0.5916921960434263,0.9074142428510636,0.75,1.0,1,0,1,0,0,0,0,1,0,1,0.6576736211672531
231,0.0,0.8006211425498343,0.41651494429474945,0.375,1.0,1,0,1,0,0,1,0,0,0,1,0.5207311066941864
232,0.0,0.716028217400245,1.0028239583923553,0.75,1.0,1,0,0,0,0,0,1,0,0,1,0.8330862852838073
233,0.0,1.33748298849934,1.6499249671473502,0.75,1.0,0,0,0,0,0,0,0,1,0,1,1.118122476828687
234,0.3333333333333333,0.7103168438316233,1.1105561794515755,0.75,1.0,1,0,1,0,0,0,0,1,0,1,0.7159926937126125
235,0.3333333333333333,1.0432426867728866,1.2530951392341805,0.75,1.0,1,0,1,0,0,0,0,0,0,1,0.9517959338151443
236,0.0,1.0725163782911318,1.5725648290372745,0.75,1.0,1,0,1,0,0,1,0,0,1,0,0.8277609697491317
237,0.0,0.76090192512993,1.014134696817852,0.75,1.0,0,0,0,0,1,0,0,0,1,1,0.474907124205314
238,0.3333333333333333,0.8152889787248327,0.9562565460230884,0.75,1.0,0,0,0,0,0,0,0,0,0,1,0.5375836851548104
239,0.3333333333333333,0.7369139352718715,0.8560633179819123,0.75,1.0,1,0,1,0,0,0,0,1,0,1,0.44709410761331986
240,0.6666666666666666,1.0810409320174754,1.0028239583923553,0.75,1.0,1,0,1,0,0,0,0,0,0,1,1.3349808733800106
241,0.3333333333333333,0.5952896287082196,1.1105561794515755,0.375,1.0,1,0,1,0,0,0,1,0,1,0,0.6496135520426987
242,0.0,0.6777855770461984,1.1843631816589784,0.125,1.0,1,0,0,0,0,0,0,0,1,1,1.1500459168970996
243,0.6666666666666666,1.1299415545602005,0.9321335611238337,0.75,1.0,1,0,1,0,1,0,0,0,0,1,1.0387824569592254
244,0.0,0.7517313127987509,1.0197424501927208,0.75,1.0,1,0,1,0,0,0,1,1,0,1,1.0671654179280177
245,0.0,1.1075468351650104,1.0028239583923553,0.375,1.0,1,0,0,0,1,0,0,0,1,0,1.3001908500880102
246,0.6666666666666666,1.4537247443485006,0.9562565460230884,0.75,1.0,1,0,1,0,0,0,0,0,1,1,1.2433934270084657
247,0.3333333333333333,1.1688170314644213,1.095117818018336,0.375,1.0,1,0,1,0,0,0,1,0,1,1,0.9341550923993321
248,0.3333333333333333,0.6632355311565673,1.0197424501927208,1.0,1.0,1,0,1,0,0,0,0,1,0,1,0.6850826403282132
249,0.0,0.453163832080736,0.8157420488379745,0.75,1.0,1,0,1,0,0,0,0,0,1,1,0.513802786364551
250,0.0,0.42196350506273667,1.3817296953006006,0.75,0.0,1,0,1,0,0,0,1,1,0,0,0.802972607488812
251,0.6666666666666666,0.7551197517936206,1.100290466303296,0.75,1.0,0,0,0,0,0,0,0,0,1,0,0.46821265368756726
252,0.0,0.6089922015993529,0.9074142428510636,0.75,1.0,1,0,0,0,1,0,1,0,0,1,0.6888307186744804
253,0.3333333333333333,0.6234287429388763,1.6469427834714592,0.375,1.0,1,0,1,0,0,0,1,1,0,1,1.248451263093063
254,0.0,1.8753447706451776,1.3460576281172343,0.75,0.0,1,0,0,0,1,0,0,0,1,0,1.6897893879572359
255,1.0,0.6981134059724263,1.5725648290372745,0.75,1.0,0,0,0,0,0,0,0,0,0,1,0.40187626761296297
256,0.0,1.106980490733179,0.9739744168651152,0.75,0.0,1,0,0,0,0,0,1,0,0,0,0.8659613818286808
257,1.0,1.0125881938831058,0.8428027225425222,0.75,1.0,1,0,1,0,0,0,0,0,1,0,0.7609850979269623
258,0.0,1.7894173970974945,1.7189525783470077,0.75,1.0,1,0,1,0,0,0,0,0,0,0,1.7186817075666263
259,1.0,0.9720569555111429,1.0473189942805592,0.75,1.0,1,0,1,0,0,0,1,1,0,0,0.7155557003221025
260,0.3333333333333333,1.1112766856046685,1.7887186749851685,0.75,1.0,1,0,1,0,0,0,0,0,1,1,1.2961226923520892
261,0.0,0.5064045541701814,1.0794373712975707,0.75,1.0,1,0,0,0,0,0,0,1,0,1,0.6141308215225905
262,0.3333333333333333,0.7637805223631973,1.1843631816589784,0.075,1.0,0,0,0,0,0,0,0,1,0,0,0.4782376281495766
263,0.0,1.229961210031412,1.0028239583923553,0.75,1.0,0,0,0,0,0,0,0,0,0,1,1.0011743159117716
264,0.0,1.0020737054420716,1.0473189942805592,0.75,1.0,1,0,0,0,1,0,0,1,0,1,0.7492212325730072
265,0.0,0.8573172739851657,1.16520780127452,0.75,1.0,1,0,0,0,0,0,0,0,0,1,1.0379384497424473
266,0.6666666666666666,0.9427148685251748,1.160361069382763,0.75,1.0,1,0,1,0,0,0,0,1,0,1,0.8722093774196009
267,1.0,0.8913446167177049,1.2078026703198597,0.75,0.0,1,0,1,0,0,0,0,0,1,1,0.8782947709013529
268,0.0,0.753668969325747,1.0846915538828075,0.75,1.0,0,0,0,0,0,1,0,0,0,0,0.4665320100537884
269,0.3333333333333333,0.6621754697504199,0.8157420488379745,0.75,1.0,0,0,0,0,0,0,0,0,1,1,0.6407031951699188
270,0.0,0.7240362014028737,0.285645115542029,0.75,1.0,0,0,0,0,0,0,0,0,1,1,0.43211857291220657
271,0.0,1.5631059070345685,1.0899182742620022,0.75,1.0,1,0,1,0,0,0,0,0,1,1,1.360301440819753
272,0.0,0.6545452990271201,1.0363794622388776,0.75,1.0,1,0,0,0,0,0,0,0,0,1,0.679811617215853
273,0.0,0.6158662939342283,1.160361069382763,0.75,1.0,1,0,1,0,0,0,0,1,0,1,0.7026515244308277
274,0.6666666666666666,0.8285480756463562,0.8157420488379745,0.75,1.0,1,0,1,0,0,0,0,1,0,1,0.5527862918105673
275,0.3333333333333333,0.6396505857497149,0.9739744168651152,0.75,1.0,1,0,1,0,0,0,0,1,0,1,0.6649032067656548
276,0.0,0.8423720503530365,1.4048231876601678,0.75,1.0,1,0,1,0,0,0,0,1,0,1,1.0084838972101402
277,0.0,0.7015182151451788,0.74470206863586,0.75,1.0,1,0,1,0,0,0,0,0,1,1,0.6355080450329639
278,0.0,1.783674891775475,2.0314577383606025,0.75,1.0,1,0,1,0,0,0,0,1,0,1,1.5936296422895302
279,0.0,0.8580441714010685,1.025318931951693,0.75,1.0,0,0,1,0,0,0,1,0,0,1,0.5865015596234974
280,0.3333333333333333,0.8511903848471413,1.1984926996651186,0.75,0.0,1,0,0,0,1,0,1,0,1,0,0.9189355215805559
281,0.0,0.8325812125411326,0.9562565460230884,0.75,1.0,1,0,1,0,0,0,0,1,0,1,0.685383004108552
282,0.6666666666666666,0.5549876383172013,0.7298677524777182,0.375,1.0,1,0,1,0,0,0,0,0,1,1,0.4417057210885599
283,0.0,0.453599462281154,0.5322229660601164,0.75,1.0,0,0,0,0,0,0,0,0,1,1,0.47749847416078006
284,0.0,2.0840602506057717,1.0581401468096305,0.75,1.0,1,0,1,0,0,0,0,0,0,0,1.9072565827566206
285,0.0,0.7108221027454551,0.8088608931809612,0.75,1.0,1,0,0,0,0,0,0,0,0,1,0.886556129333739
286,0.0,0.612156437238707,0.8756302230223979,0.625,1.0,0,0,0,0,1,0,0,1,0,0,0.6218409692370893
287,0.0,0.7987724426603418,1.0028239583923553,0.75,1.0,1,0,1,0,0,0,0,0,0,1,0.8222762034483312
288,0.0,0.8615259427860807,0.9739744168651152,0.75,1.0,0,0,0,0,0,0,0,1,0,1,0.5904720558198366
289,0.0,1.4379815367949158,1.3256757954866674,0.75,1.0,1,0,0,0,0,0,0,0,0,1,1.2264924841829283
290,0.0,0.6967482296953519,1.1054364959278977,0.75,1.0,1,0,1,0,0,0,0,0,0,1,0.793987812044391
291,0.6666666666666666,0.900718526743915,1.041864187355288,0.75,0.0,1,0,1,0,0,0,0,1,0,0,0.6350344175865569
292,0.6666666666666666,0.7099798626741057,1.0794373712975707,0.75,1.0,1,0,1,0,0,0,0,0,1,1,0.6832785605902101
293,0.0,1.0331692359335212,1.1257598170414722,1.0,0.0,0,0,0,0,0,0,0,0,1,0,0.7839695771252918
294,0.0,0.5709940701756788,1.2619125665804638,0.75,1.0,1,0,1,0,0,0,0,1,0,1,0.8239770860601908
295,1.0,0.9029441346621296,0.9442677916098929,0.75,1.0,1,0,1,0,0,1,0,0,1,1,0.8172877403871056
296,0.3333333333333333,1.196857576730839,1.3778283931710922,0.75,1.0,1,0,1,0,0,0,0,1,0,1,0.9649388412052136
297,0.3333333333333333,0.9370908956404604,1.0846915538828075,0.75,1.0,0,0,1,0,0,0,0,0,1,1,0.6761810763283836
298,0.0,0.9809642053448391,1.16520780127452,1.0,1.0,0,0,0,0,0,0,0,0,0,0,1.037832898735749
299,0.3333333333333333,0.4968570506311368,0.9621974516591789,0.75,1.0,1,0,1,0,0,0,0,0,1,0,0.7167205919350873
300,0.0,0.4512011443139235,0.836105895237727,0.75,0.0,1,0,1,0,0,0,1,0,1,0,0.6864335674383896
301,0.0,0.6619986835463547,0.9136515934953372,0.75,1.0,1,0,1,0,0,0,1,1,0,1,0.6699482462593075
302,0.0,0.9809642053448391,1.0688454544534975,0.75,1.0,0,0,0,0,0,0,0,0,0,1,0.725558548983045
303,0.3333333333333333,0.4122515112987851,0.8560633179819123,0.75,1.0,1,0,1,0,0,0,0,0,1,1,0.46839921763266723
304,0.0,0.8434048720396717,1.1105561794515755,0.75,1.0,1,0,0,0,0,0,0,0,0,1,0.9214289649712815
305,0.0,0.4939331024738738,0.9621974516591789,0.75,1.0,1,0,0,0,0,0,1,0,1,0,0.1586235852206638
306,0.0,0.8076763324343765,1.0846915538828075,0.75,1.0,0,0,0,0,0,0,0,0,0,1,0.7854651398323979
307,0.0,0.5742806532541033,0.9074142428510636,0.75,0.0,0,0,0,0,0,0,0,0,1,0,0.6131628597686157
308,0.0,2.0653778138109296,2.1171423914214693,0.75,1.0,1,0,0,0,0,0,0,0,0,0,1.8878659067873156
309,0.6666666666666666,1.2756882729489507,1.3174053048419605,0.75,1.0,1,0,1,0,0,0,1,0,0,1,1.0510453572705771
310,0.0,0.6693969258674173,0.7737264169059249,0.75,1.0,0,0,0,0,0,0,0,1,0,1,0.3682193884152968
311,0.0,0.6711503740332497,0.9502801349879435,0.75,1.0,1,0,0,0,0,0,1,1,0,1,0.772336912216963
312,0.0,0.5947224726967598,0.550269925517185,0.75,1.0,0,0,0,0,0,0,0,0,0,1,0.27988730056726996
313,0.6666666666666666,1.0725163782911318,1.130776759710356,0.175,1.0,1,0,1,0,1,0,0,0,0,1,0.8277609697491317
314,0.0,0.5882721225983042,1.20315851939756,0.75,1.0,0,1,1,0,0,0,0,0,0,0,0.621680946001374
315,0.3333333333333333,0.7505992768731831,0.9502801349879435,0.375,1.0,1,0,1,0,0,0,1,0,1,1,0.7311683854859841
316,0.6666666666666666,0.8007750467140152,1.0028239583923553,0.75,1.0,1,0,1,0,0,0,0,1,0,1,0.5209081262778827
317,0.0,0.5059913352925957,0.8019320589476305,0.75,1.0,1,0,1,0,0,0,0,0,1,1,0.601636931219678
318,0.3333333333333333,0.7733164374731688,0.9562565460230884,0.75,1.0,0,0,0,0,0,0,0,1,0,1,0.48925987264126813
319,0.3333333333333333,1.4772365200203108,1.1843631816589784,0.75,1.0,1,0,1,0,1,0,0,0,0,0,1.2685982294202445
320,0.0,0.5742806532541033,0.9739744168651152,0.75,1.0,1,0,1,0,0,0,0,1,0,1,0.6610641902430459
321,1.0,0.8926089193072556,1.025318931951693,0.75,1.0,1,0,1,0,0,0,0,1,0,1,0.6555099853855934
322,0.6666666666666666,0.7827622771814164,0.9621974516591789,0.75,1.0,1,0,1,0,0,0,1,0,0,1,0.7527368703950984
323,0.0,0.7121682131110096,1.0688454544534975,0.75,1.0,0,0,0,0,0,0,0,0,0,1,0.8791610976714738
324,1.0,1.8074061982816099,1.7077738131549622,0.75,1.0,1,0,1,0,0,0,0,0,0,1,1.6185650225736588
325,0.3333333333333333,1.3670049697048956,1.9013551897776213,0.75,0.0,1,0,1,0,1,0,0,0,0,0,1.535414957210867
326,0.0,0.9702399648554434,1.0581401468096305,0.75,0.0,1,0,0,0,0,0,0,0,0,1,0.7135138690678868
327,0.0,1.0809246468628886,1.3132442669022846,0.75,1.0,1,0,1,0,1,0,0,1,0,1,1.0829288422618868
328,0.0,0.8913446167177049,0.9442677916098929,0.75,1.0,0,0,1,0,0,0,0,0,1,0,0.9545531008168089
329,0.0,0.5933978564052077,0.6440953542529853,0.75,1.0,0,0,0,0,0,0,0,0,1,1,0.278309334947192
330,0.3333333333333333,0.8984879544442745,0.985614298029602,0.75,1.0,1,0,0,0,0,0,0,0,1,1,0.8823723278701855
331,0.0,0.6725509222265761,0.8691503688248272,0.75,1.0,1,0,0,0,0,0,0,1,0,1,0.37192416929331806
332,0.0,0.6545452990271201,0.6761429596510269,0.75,1.0,1,0,0,0,0,0,0,0,1,1,0.350746581166746
333,0.0,3.120714695506326,2.1356331877474535,0.375,1.0,1,0,1,0,0,1,0,0,1,1,2.9678509769449546
334,0.3333333333333333,1.4640841869047203,1.304869885290794,0.375,1.0,0,1,1,0,1,0,0,0,1,1,1.3992910023536056
335,0.0,1.0436048940680793,0.668226828860697,0.75,1.0,1,0,1,0,1,0,0,1,0,1,1.2680114286891024
336,0.3333333333333333,1.0125881938831058,1.2078026703198597,0.75,1.0,1,0,1,0,0,1,0,0,0,1,0.8524580531056695
337,0.6666666666666666,0.5933978564052077,1.2793175528845628,0.75,1.0,1,0,1,0,1,0,0,0,0,1,0.9901641323987347
338,1.0,0.4577285116219891,0.9621974516591789,0.75,0.0,0,0,0,0,0,0,1,0,1,0,0.11443292210479439
339,0.0,0.8667259747258991,0.6761429596510269,0.75,1.0,0,0,0,0,0,0,0,1,0,1,0.5963983966179206
340,1.0,0.6208528682475699,1.2662922954691163,0.75,1.0,1,0,1,0,0,0,1,0,0,0,0.6084711239312087
341,0.0,0.57002536883771,0.4565904297327495,0.75,1.0,0,0,0,0,0,0,0,0,0,0,0.25040007327945596
342,0.3333333333333333,0.9219371430257213,1.1984926996651186,0.75,1.0,1,0,1,0,0,0,1,0,1,1,0.8325679889252545
343,1.0,0.7133445750955713,0.6995221659286558,0.75,1.0,1,0,1,0,0,0,1,1,0,1,0.41966121517991184
344,0.6666666666666666,0.6089922015993529,1.0308644889336176,0.75,1.0,1,0,1,0,0,1,0,0,0,1,0.712929722141249
345,0.0,0.5932084821917283,1.2078026703198597,0.75,1.0,1,0,1,0,0,0,0,1,0,1,0.7193366472043998
346,0.0,0.7704651988176311,1.170031155615425,0.75,0.0,1,0,1,0,0,0,1,0,0,0,0.9509903260513202
347,0.6666666666666666,0.6981134059724263,1.0363794622388776,0.75,1.0,1,0,1,0,0,0,1,0,1,1,0.7611243137315221
348,0.0,1.1390900937134623,1.5853517050901833,0.75,1.0,1,0,1,0,0,0,0,1,0,1,1.3425589798825053
349,0.0,0.6167916116155221,1.3256757954866674,0.75,1.0,1,0,1,0,0,0,0,0,0,1,1.1695736040085687
350,0.0,1.4027857340783851,1.4816926272488706,0.75,1.0,1,0,1,0,0,0,0,1,0,1,1.1886364767080262
351,0.0,1.374316311738373,1.7300077589976632,0.75,1.0,1,0,0,0,0,0,0,0,0,0,1.4872971314091459
352,1.0,0.6243470925456212,0.8494550005250987,0.75,1.0,1,0,1,0,0,0,0,0,0,1,0.6886810649542026
353,0.0,1.0432426867728866,0.9136515934953372,0.75,0.0,0,0,1,0,1,0,0,0,0,0,0.7951994287684706
354,0.0,0.5787100834193791,1.0581401468096305,0.75,1.0,0,0,1,0,0,0,0,1,0,1,0.37048505167618434
355,0.0,0.8154406420931117,0.9798112932059422,0.375,1.0,0,0,0,0,0,0,0,0,1,1,0.5377577467565209
356,0.6666666666666666,1.33748298849934,1.2307053088294693,0.75,1.0,1,0,1,0,0,0,0,0,0,1,1.3870087374947888
357,0.3333333333333333,0.8247991303313491,0.6440953542529853,0.75,1.0,1,0,1,0,0,0,0,0,1,0,0.548490820829699
358,0.0,0.6838582419070228,0.8820683588931876,1.0,0.0,1,0,1,0,0,0,1,0,1,0,0.6761810763283836
359,1.0,1.0021995303819988,1.3778283931710922,0.75,1.0,1,0,1,0,0,0,0,1,0,1,1.1182198848737432
360,0.3333333333333333,0.9447157896161574,0.7520375132282551,0.75,1.0,0,0,0,0,0,0,0,1,0,0,0.6847821863023665
361,0.6666666666666666,0.9809642053448391,1.509489083737,0.75,1.0,1,0,1,0,0,0,0,1,0,1,1.1501402645972203
362,0.0,0.9483073891431396,1.0581401468096305,0.75,1.0,1,0,1,0,0,0,0,0,1,1,0.9882802859036355
363,0.0,0.6861044437481946,0.8494550005250987,0.625,1.0,1,0,1,0,0,0,0,0,1,1,0.8660867250734862
364,0.0,1.1913536711699444,1.115649785268804,0.75,1.0,1,0,0,0,1,0,0,0,0,1,0.9589031274374377
365,0.0,1.1261696606489902,1.074155436397785,0.75,1.0,1,0,0,0,0,0,1,0,0,0,0.8871699205664038
366,0.0,0.5933978564052077,0.8560633179819123,1.0,1.0,1,0,0,0,0,0,0,1,0,0,0.278309334947192
367,0.0,0.9967747105735473,1.025318931951693,0.75,0.0,1,0,0,0,0,0,0,0,0,0,0.7432869938819425
368,0.3333333333333333,1.1382119426040722,1.2749946238569647,0.75,1.0,1,0,1,0,0,0,0,1,0,1,0.9004577877720904
369,0.0,2.043279214587319,2.2724055555005727,0.75,1.0,1,0,1,0,0,0,0,0,0,0,2.0825133479402065
370,0.0,1.8492061718271275,0.5412871568293904,0.75,1.0,0,0,0,0,1,0,0,1,0,1,1.6624142343459383
371,0.6666666666666666,1.0044616762370526,1.1843631816589784,0.75,1.0,1,0,1,0,0,0,0,1,0,1,0.7518942438362819
372,0.6666666666666666,1.4228130221647783,1.910575562827552,0.625,1.0,1,0,1,0,1,0,0,0,0,1,1.740508912823933
373,0.3333333333333333,0.6945258356051018,0.9502801349879435,0.375,0.0,1,0,0,0,0,0,0,0,1,0,0.7326017502284587
374,0.0,0.642178552715654,0.9442677916098929,0.75,1.0,0,0,0,0,0,1,0,0,1,1,0.6066857258184536
375,0.0,0.9571645502443332,1.0028239583923553,0.375,1.0,1,0,1,0,0,0,0,0,1,1,0.8269792710977864
376,1.0,1.374316311738373,1.0581401468096305,0.75,1.0,1,0,1,0,0,0,0,0,0,1,1.5416209544770094
377,0.0,0.8881063403100774,1.0581401468096305,0.75,1.0,1,0,1,0,0,0,0,1,0,1,0.6207202684577382
378,0.0,0.6957231230372126,0.6761429596510269,1.0,1.0,1,0,0,0,0,0,0,0,1,0,0.39908106933813414
379,0.6666666666666666,1.0299927102113389,1.0581401468096305,0.75,1.0,1,0,1,0,0,0,0,0,1,1,0.7804256938836649
380,0.0,0.7398623162088701,1.0473189942805592,0.75,1.0,1,0,1,0,0,1,0,1,0,1,0.8390274652319268
381,0.0,1.0951272168556998,1.6964686690809048,0.75,1.0,1,0,0,0,0,0,0,1,0,1,1.282992243522795
382,0.0,1.101868905295361,1.189095238282801,0.75,1.0,0,0,0,0,0,0,0,0,1,1,0.8603046129103662
383,0.0,1.2266494668858599,1.0473189942805592,0.75,1.0,1,0,0,0,1,0,0,0,1,1,0.9975543399147517
384,0.6666666666666666,0.9235717869352521,0.8820683588931876,0.75,1.0,1,0,1,0,0,0,0,0,1,0,0.6609103226066069
385,0.3333333333333333,0.7930506743381199,0.9621974516591789,0.375,1.0,1,0,0,0,0,1,0,0,1,1,0.5120185348506432
386,0.0,0.5638033598672246,1.0688454544534975,0.75,1.0,1,0,0,0,0,0,1,1,0,1,0.5606420701228775
387,0.0,0.6855865371151821,0.9621974516591789,0.75,0.0,1,0,1,0,0,0,1,0,1,0,0.8785423694290351
388,0.0,0.561264568725144,1.0899182742620022,0.75,1.0,1,0,1,0,0,0,0,0,1,1,0.6888307186744804
389,0.0,1.041792544223547,1.0308644889336176,0.75,1.0,1,0,1,0,0,0,0,0,0,1,0.7935836133577208
390,1.0,1.4098409999673365,1.3174053048419605,0.75,1.0,1,0,0,0,0,0,0,0,0,1,1.1962331035470768
391,1.0,1.4376559907903559,1.6349243108573863,0.75,1.0,1,0,1,0,0,0,0,0,0,1,1.2261427908058138
392,0.0,0.6089922015993529,1.0028239583923553,0.75,1.0,1,0,1,0,0,0,0,0,1,1,0.6810188743350506
393,0.6666666666666666,0.49246791608078877,0.9621974516591789,0.375,1.0,1,0,1,0,0,0,1,1,0,1,0.5032293864313944
394,0.6666666666666666,0.7010082322185532,0.9621974516591789,0.75,1.0,1,0,1,0,0,0,0,0,1,1,0.6507023527858103
395,0.6666666666666666,0.730495797697837,1.0846915538828075,0.75,1.0,1,0,1,0,0,0,0,1,0,1,0.5284904758891603
396,0.0,0.7145195548784243,0.6761429596510269,0.75,0.0,0,0,0,0,0,0,0,0,1,0,0.4210313217291724
397,0.0,0.6895503168523315,0.8494550005250987,0.75,1.0,1,0,1,0,0,0,0,0,1,1,0.6494579122597667
398,0.0,0.8288473849922802,0.9382190811976365,0.75,1.0,1,0,0,0,0,0,1,0,0,1,0.8043067250363206
399,0.0,0.38347122143016205,0.90113774335087,0.75,0.0,0,0,0,0,0,0,0,1,0,0,0.44423156077035536
400,0.6666666666666666,0.664470850864357,0.44672111695770506,0.375,0.0,1,0,1,0,0,0,1,0,1,0,0.36242897529963025
401,0.0,0.6405541648879155,0.627677993929421,0.625,1.0,1,0,0,0,0,0,1,0,0,0,0.3342438320495544
402,0.0,0.5933978564052077,0.90113774335087,0.75,1.0,1,0,0,0,0,0,0,1,0,1,1.9852427067789362
403,0.0,0.4861641160903137,0.5230758636366345,0.75,1.0,0,0,0,0,0,0,1,1,0,1,0.14917049346844655
404,0.0,1.2538200665662338,1.3540954489461263,0.75,1.0,0,0,0,0,1,0,0,0,0,0,1.0272211348663955
405,0.0,0.9209823653140823,0.9739744168651152,0.75,1.0,0,0,0,0,0,0,0,1,0,1,0.6579823301987108
406,0.0,0.5282664743935781,0.9739744168651152,0.75,1.0,1,0,1,0,0,0,1,0,1,1,0.6610641902430459
407,0.0,0.5375201186433047,0.6359203649278432,0.75,1.0,0,0,0,0,0,0,1,0,0,1,0.21137042929141606
408,0.3333333333333333,1.3345093569935726,1.170031155615425,0.625,0.0,1,0,1,0,0,0,0,1,0,0,1.1149026767820436
409,1.0,3.3574797630858426,1.863599274874872,0.75,0.0,1,0,1,0,0,0,0,0,0,0,3.2073528468935946
410,0.3333333333333333,0.823596493405255,0.6025352490080678,0.75,1.0,0,0,0,0,1,0,1,1,0,0,0.5471123640778229
411,0.0,1.1306057085354995,1.2078026703198597,0.75,1.0,1,0,1,0,0,1,0,0,1,1,0.8920667347885926
412,0.0,1.1127422094252593,1.4458239924080836,0.75,0.0,1,0,1,0,0,0,1,0,0,0,0.8723339400104396
413,0.0,0.5454977439445005,0.9442677916098929,0.75,1.0,1,0,1,0,0,0,1,0,0,1,0.6168683025852669
414,0.0,0.5246220448124247,1.287907748518888,0.75,0.0,0,0,1,0,0,0,1,1,0,0,0.7797427356784044
415,0.0,0.6829929728841789,0.5854152075009853,0.75,1.0,0,0,0,0,0,0,0,0,1,1,0.3841752396797888
416,0.3333333333333333,0.612156437238707,1.2078026703198597,0.75,1.0,0,0,0,0,0,0,0,0,1,0,0.30061877921628233
417,0.6666666666666666,0.40656133650748516,1.519716736174307,0.75,1.0,1,0,1,0,1,0,0,0,1,0,1.9477110827799957
418,0.0,0.2658648207609576,0.9562565460230884,0.75,1.0,1,0,1,0,0,0,0,0,0,1,0.5351436361366647
419,0.0,0.7255305852892487,1.100290466303296,0.75,1.0,1,0,1,0,0,0,0,1,0,1,0.6757263305367037
420,0.0,1.0822030404451328,1.100290466303296,0.75,1.0,1,0,1,0,0,0,0,0,0,1,0.8385122398271305
421,0.0,0.6342118979299386,0.74470206863586,0.75,0.0,0,0,0,0,0,0,1,0,1,0,0.3267492987350074
422,0.0,0.4555574531384918,0.8820683588931876,0.75,1.0,1,0,1,0,0,0,0,0,1,1,0.4888944151323708
423,0.3333333333333333,1.2349581972582526,0.9442677916098929,0.75,0.0,1,0,1,0,0,0,0,0,1,0,1.173452229291869
424,0.0,1.8006345646284192,0.8560633179819123,0.75,1.0,1,0,1,0,0,0,0,1,0,1,1.6114528668200503
425,0.0,0.6243470925456212,1.0084953191203267,0.75,1.0,1,0,1,0,0,0,0,0,0,1,0.9752178257786621
426,0.3333333333333333,0.9290013819927436,0.7520375132282551,0.75,1.0,0,0,0,0,0,0,1,0,0,0,0.66704663585435
427,0.6666666666666666,1.0944390684637566,1.074155436397785,0.75,1.0,1,0,1,0,0,0,0,1,0,1,0.8520768147308078
428,0.0,0.6699232832235705,0.7949548808087995,0.75,1.0,1,0,1,0,0,0,0,0,0,1,0.37215423621189625
429,0.0,0.6336663987392064,0.5854152075009853,0.375,1.0,1,0,0,0,0,0,1,0,1,1,0.32610428896493526
430,0.3333333333333333,1.3633291545902542,1.160361069382763,0.75,1.0,0,0,0,0,1,0,0,1,0,1,1.1460752538958956
431,0.0,1.157247601770671,0.9136515934953372,0.75,0.0,1,0,0,0,0,0,0,0,0,0,0.9214289649712815
432,0.0,1.6801942096055071,1.9663531375805106,0.75,1.0,1,0,0,0,0,1,0,1,0,1,1.4845322942407146
433,0.0,0.5790943256504062,1.1257598170414722,0.75,1.0,1,0,1,0,0,0,0,1,0,1,0.6910728410791992
434,0.0,0.8058406415080777,0.8820683588931876,0.75,1.0,1,0,0,0,0,0,0,0,1,1,0.5267322622731012
435,0.0,1.4809070943684675,1.0581401468096305,0.5,1.0,0,0,0,1,0,0,0,1,0,1,1.272529284698129
436,0.0,0.47833429966117474,0.4951215626052607,0.75,1.0,1,0,0,0,0,0,0,1,0,1,0.5314723627111161
437,0.0,0.5375201186433047,1.0581401468096305,0.75,1.0,1,0,1,0,0,0,0,0,1,1,0.45146749269051856
438,0.0,1.5092662345888064,1.3256757954866674,0.75,0.0,1,0,0,0,1,0,0,0,1,0,1.30286679658224
439,0.0,1.2241332485395862,1.100290466303296,0.75,1.0,0,0,1,0,1,0,1,0,0,1,0.9948031831758428
440,0.0,0.7919644851258058,1.3256757954866674,0.75,1.0,1,0,0,0,0,0,0,1,0,1,1.1555034223441418
441,0.0,1.297837677499441,1.2964247807341902,0.75,1.0,1,0,1,0,0,0,0,0,0,1,1.2460541232726317
442,1.0,0.9425813313248508,1.1505965587472478,0.75,1.0,1,0,0,0,0,0,1,1,0,1,0.9448695731590049
443,0.3333333333333333,2.6305761235010587,1.170031155615425,0.75,1.0,1,0,0,0,0,0,0,1,0,1,2.4694558188231257
444,0.0,1.2431984611094733,1.2749946238569647,0.625,1.0,1,0,1,0,0,0,0,0,0,1,1.6571436348696904
445,0.3333333333333333,0.7613822671426723,1.0581401468096305,0.75,1.0,1,0,1,0,1,0,0,0,0,1,0.6776954038570719
446,0.6666666666666666,0.9352091873010053,0.9442677916098929,0.75,1.0,1,0,1,0,0,0,1,0,0,1,0.6740571578272221
447,0.0,0.7730000343413022,0.5412871568293904,0.75,1.0,1,0,1,0,0,1,0,0,0,0,0.7132218382580213
448,0.6666666666666666,0.7410065652568979,1.160361069382763,0.75,0.0,1,0,1,0,0,0,0,0,0,0,0.7327449737680651
449,0.3333333333333333,0.6430798515481971,1.3379546768644932,0.75,1.0,1,0,0,0,1,0,1,1,0,0,0.6208804454857316
450,0.6666666666666666,0.5565605685183213,1.0308644889336176,0.75,0.0,1,0,1,0,0,0,1,0,0,0,0.4934530624006812
451,0.6666666666666666,0.48510960850032153,0.5854152075009853,0.625,1.0,1,0,1,0,0,0,1,0,1,1,0.4657841497173668
452,0.0,0.8357068895245957,1.1554907322261516,0.75,0.0,1,0,1,0,0,0,0,0,0,0,0.8192598443105713
453,0.0,0.5901736072795749,0.8157420488379745,0.375,0.0,1,0,1,0,0,0,0,0,0,1,0.7181748007983099
454,0.0,1.2183724855301246,0.7737264169059249,0.75,1.0,1,0,0,0,1,0,0,1,0,1,0.9885020991893307
455,0.6666666666666666,0.8223924084018992,0.8560633179819123,0.75,1.0,1,0,1,0,0,0,0,1,0,1,0.5457320045597476
456,0.0,0.8868363286387143,0.9913838221833549,0.75,1.0,1,0,1,0,0,0,0,0,1,1,0.6192775194826078
457,0.0,0.7993890557782825,1.2662922954691163,0.75,1.0,1,0,1,0,0,0,0,0,1,0,0.8946279952549302
458,0.6666666666666666,0.894292173434151,1.0899182742620022,0.75,1.0,1,0,0,0,0,0,0,0,0,1,0.6277438986270717
459,0.0,1.337572960653019,1.2078026703198597,0.75,1.0,1,0,1,0,0,0,0,1,0,0,1.1182198848737432
460,0.0,0.51114433903772,1.2078026703198597,0.75,1.0,0,1,1,0,1,0,0,1,0,1,0.881014988761724
461,1.0,1.282650927036246,1.0473189942805592,0.375,1.0,1,0,1,0,0,0,0,0,1,1,1.0586210783558194
462,0.0,0.686449565881714,1.1748313568402433,0.75,1.0,1,0,1,0,0,0,0,0,0,1,0.7544199964409296
463,0.3333333333333333,1.005214589104137,1.0688454544534975,0.75,1.0,0,0,0,0,0,1,1,1,0,1,0.7527368703950984
464,0.0,0.8675900238576436,0.8691503688248272,0.75,0.0,1,0,0,0,0,0,0,1,0,0,0.5973827144646994
465,0.0,1.101868905295361,1.1105561794515755,0.75,1.0,1,0,0,0,0,0,0,0,0,1,0.8603046129103662
466,1.0,0.6746480734919518,0.668226828860697,0.375,0.0,1,0,1,0,0,0,1,0,1,0,0.6678110341935358
467,0.0,1.8983043731953533,0.9442677916098929,0.75,1.0,0,1,1,0,0,0,0,1,0,1,1.7138075924460308
468,0.6666666666666666,0.02489741114663033,0.8691503688248272,0.75,1.0,0,0,1,0,0,1,1,1,0,1,0.4106106540739235
469,0.0,0.8913446167177049,0.9442677916098929,0.75,1.0,1,0,1,0,0,0,0,0,1,0,0.9545531008168089
470,0.3333333333333333,0.7588177727454737,1.2170267643156238,0.75,1.0,1,0,1,0,1,0,0,1,0,1,0.7990935708980538
471,0.3333333333333333,0.6219576271082408,0.9621974516591789,0.375,0.0,1,0,1,0,0,0,1,0,0,0,0.5952487998970764
472,1.0,0.9404423073744006,0.8820683588931876,0.75,1.0,1,0,1,0,0,0,0,1,0,1,0.6799626040851893
473,0.0,0.5933978564052077,0.836105895237727,0.75,1.0,0,0,0,0,1,0,0,0,1,1,0.278309334947192
474,0.6666666666666666,1.0470994840280978,1.2170267643156238,0.75,1.0,1,0,0,0,0,0,0,0,0,1,1.2835703215410226
475,0.6666666666666666,1.8896914331129304,1.160361069382763,0.75,1.0,1,0,1,0,1,0,0,0,0,1,1.7582813161549595
476,0.6666666666666666,1.1785679844486474,1.4887145116263067,0.625,1.0,1,0,1,0,0,0,0,1,0,1,1.1294553133197254
477,0.6666666666666666,0.6616450173505039,1.0688454544534975,0.75,0.0,0,1,1,0,0,0,0,1,0,0,0.6880822260101298
478,0.3333333333333333,1.8970197227903967,0.7879286794109042,0.75,1.0,1,0,1,0,1,0,0,1,0,1,1.8266591113037
479,0.6666666666666666,0.6746480734919518,1.0581401468096305,0.75,1.0,1,0,1,0,0,0,0,0,1,0,0.6584452151295408
480,0.0,0.8937314034823324,1.1796086261671643,0.75,1.0,0,0,0,0,0,0,1,0,0,1,0.6271074213797347
481,1.0,0.700157682286779,0.9621974516591789,0.75,1.0,1,0,1,0,0,0,1,0,0,1,0.4042659489163695
482,0.0,0.51114433903772,1.0473189942805592,0.75,1.0,1,0,1,0,0,0,0,1,0,1,0.7586154591252814
483,0.0,1.5403752625303195,1.5026120687547384,0.75,1.0,1,0,1,0,0,0,0,1,0,1,1.336078173211849
484,0.6666666666666666,1.33748298849934,1.5431821554167244,0.75,1.0,1,0,1,0,0,0,0,1,0,1,1.118122476828687
485,0.3333333333333333,0.48510960850032153,1.0635071260146272,0.75,1.0,1,0,1,0,0,0,1,0,0,1,0.6340864891931753
486,0.6666666666666666,0.7742650466462075,0.74470206863586,0.75,0.0,1,0,0,0,0,0,0,0,0,0,0.49035544449550755
487,0.3333333333333333,1.9792116104831223,2.1537882727038054,0.75,1.0,1,0,1,0,0,0,0,0,1,0,1.7982492048690295
488,0.6666666666666666,0.9258829679573655,1.2078026703198597,0.75,1.0,1,0,1,0,1,0,0,1,0,1,0.9409232346889399
489,0.0,0.581013325289404,0.7071953284565446,0.75,1.0,1,0,0,0,0,0,0,0,1,0,0.2635366495804725
490,0.0,0.6303871398273171,0.8560633179819123,0.75,1.0,1,0,0,0,0,0,1,1,0,1,0.7930444275085308
491,0.3333333333333333,1.0228700417755046,1.321549100266884,0.75,1.0,1,0,1,0,0,0,1,0,1,1,0.9171506764016041
492,0.0,0.7967658201349188,0.9442677916098929,0.75,1.0,1,0,0,0,0,0,1,0,0,1,0.5162954021718497
493,0.0,1.9272052664278663,1.4710664757259062,0.75,1.0,0,0,0,0,1,0,1,1,0,1,1.7440054030041527
494,0.0,0.7821353228266662,0.9971202497882038,0.75,0.0,1,0,1,0,0,0,0,0,0,0,0.8288022849982344
495,0.3333333333333333,0.7387167563549268,0.9136515934953372,0.175,1.0,0,0,1,0,0,0,0,1,0,1,0.609281615956366
496,0.0,0.612156437238707,0.9260107806307384,0.75,1.0,1,0,1,0,0,0,1,0,0,1,0.6191170854761905
497,0.0,0.9315701485728007,0.9502801349879435,0.025,1.0,1,0,1,0,0,0,0,0,1,1,1.031585586790001
498,0.3333333333333333,0.6655284831008599,0.8494550005250987,0.75,1.0,1,0,1,0,1,0,0,1,0,1,0.3636726038078008
499,0.0,1.133588954860248,1.412404006680833,0.75,0.0,1,0,0,0,0,0,0,0,0,0,1.3255257247060335
500,0.0,0.16068090889590106,0.9621974516591789,1.0,1.0,0,0,0,0,0,0,0,0,0,1,0.6235995368098064
501,0.0,0.7109904656689698,0.8820683588931876,0.75,1.0,0,0,0,0,0,0,0,1,0,1,0.4169153576130725
502,0.6666666666666666,0.9634620894412547,1.4086207807554272,0.75,1.0,1,0,1,0,0,0,0,1,0,1,1.3087609965120806
503,0.3333333333333333,0.8507513101168872,1.100290466303296,0.75,1.0,1,0,1,0,0,0,1,0,0,0,1.212763007351541
504,0.0,0.8155922824631016,1.025318931951693,0.625,1.0,1,0,1,0,0,0,1,1,0,1,0.7675073798176698
505,0.6666666666666666,0.7684009032397595,1.5331928939623178,0.75,1.0,1,0,1,0,0,0,0,0,0,1,1.0776681175607
506,0.0,2.0911147886920927,2.1171423914214693,0.75,1.0,1,0,1,0,0,0,0,0,1,1,2.171427356364005
507,0.0,0.7799378819600059,0.8560633179819123,0.75,1.0,0,1,0,0,0,0,0,0,1,0,0.49690378881938174
508,0.0,0.5894134472292875,1.329785531056352,0.75,1.0,1,0,1,0,1,0,0,0,1,1,0.7941225086421922
509,0.3333333333333333,1.704548648809581,0.39585838746489205,0.75,1.0,0,0,0,0,0,0,0,0,1,1,1.5102643155912905
510,0.0,0.782292098269682,0.8820683588931876,0.75,1.0,1,0,0,0,0,0,1,0,0,0,0.7088311112834224
511,0.3333333333333333,1.1092439465238002,1.5563478191312534,0.75,1.0,1,0,1,0,0,0,0,1,0,1,1.092069037929502
512,0.6666666666666666,0.7316508085100891,1.1505965587472478,0.75,1.0,1,0,1,0,0,0,0,0,1,1,0.7704078972796706
513,0.0,0.5207606830525247,0.668226828860697,0.375,1.0,1,0,1,0,0,0,0,1,0,0,1.1622370813751748
514,0.0,1.0805757102436844,1.7382196712918039,0.75,1.0,1,0,0,0,0,0,0,0,0,0,1.2241296773218282
515,1.0,0.7613822671426723,1.160361069382763,0.75,1.0,1,0,1,0,0,0,0,0,0,1,0.9670937474118118
516,0.6666666666666666,0.5003961035698173,0.9621974516591789,1.0,1.0,0,0,1,0,0,0,0,1,0,1,0.511303941894794
517,0.0,0.6965774515442934,1.0197424501927208,0.75,0.0,1,0,1,0,0,0,1,1,0,0,0.707216335443222
518,0.0,0.9393710771650392,1.3174053048419605,0.75,1.0,1,0,0,0,0,0,0,1,0,0,0.9329835274325412
519,0.0,0.7507610747717813,0.8494550005250987,0.75,1.0,0,0,0,0,0,0,1,0,0,0,0.4631622252876964
520,0.6666666666666666,0.5333062487966665,0.44672111695770506,0.75,1.0,1,0,1,0,0,0,1,1,0,1,0.558598678865022
521,0.0,0.5933978564052077,0.5412871568293904,0.75,1.0,1,0,0,0,0,0,0,1,0,1,0.278309334947192
522,1.0,1.0643915654172669,0.8820683588931876,0.75,1.0,1,0,1,0,1,0,0,0,0,1,0.9902748364572862
523,0.6666666666666666,1.3022279307317433,2.1171423914214693,0.75,1.0,1,0,1,0,1,0,0,0,0,1,1.6252750379981369
524,0.0,0.9389690698028905,1.0581401468096305,0.75,1.0,1,0,0,0,0,0,0,1,0,0,0.9526008930974859
525,0.6666666666666666,1.9389598673520507,1.9554437401235414,0.75,1.0,1,0,1,0,1,0,0,0,0,1,1.7562763897921982
526,0.0,0.8096612022755131,0.9442677916098929,0.75,1.0,1,0,1,0,0,0,0,1,0,1,0.5311220136503875
527,0.3333333333333333,1.0169368101127993,1.2124253527687927,0.75,0.0,1,0,1,0,0,0,1,1,0,1,0.9466056661195286
528,0.3333333333333333,0.6267308620454674,0.8428027225425222,0.75,1.0,1,0,0,0,0,0,1,1,0,1,0.5665782223757736
529,0.0,1.18728419234194,1.0581401468096305,0.75,1.0,1,0,0,0,0,0,1,1,0,1,0.9544383705060535
530,0.0,0.2658648207609576,1.4384932530820864,0.75,1.0,1,0,1,0,0,0,0,0,0,1,0.9243892662654409
531,1.0,0.8840082924498235,0.8820683588931876,0.75,1.0,1,0,1,0,0,0,0,0,1,1,0.6160639387072224
532,0.6666666666666666,0.7807232367058248,0.9442677916098929,0.75,0.0,1,0,0,0,0,0,0,0,0,0,0.4978098990997183
533,0.3333333333333333,1.570545645764816,1.362069178027018,0.75,1.0,1,0,0,0,0,0,0,1,0,0,1.3682219168906984
534,0.0,1.9712229992601449,1.0308644889336176,0.75,1.0,0,0,0,0,1,0,1,0,1,1,1.7899247393862865
535,0.0,0.602821131721424,1.0363794622388776,0.75,1.0,1,0,0,0,0,1,1,0,0,1,0.6649032067656548
536,0.0,1.1169015984841983,1.7730453965281032,0.75,1.0,1,0,1,0,0,0,0,0,1,1,1.2718612592707854
537,0.6666666666666666,0.785266171260385,0.9260107806307384,0.75,1.0,1,0,0,0,0,0,0,1,0,1,0.5030492092536797
538,0.0,0.6693969258674173,0.6359203649278432,0.75,1.0,1,0,1,0,0,0,1,0,0,0,0.4730520400252761
539,1.0,1.1482644198887233,1.193805007968394,0.375,1.0,1,0,1,0,0,0,0,0,0,1,0.9115374428910704
540,0.3333333333333333,0.9292720894205783,1.1105561794515755,0.375,1.0,0,0,1,0,0,0,0,1,0,1,1.028500508318579
541,0.0,0.5223883372505841,0.8756302230223979,0.75,0.0,0,0,0,0,0,0,0,1,0,0,0.19311327386911187
542,0.3333333333333333,0.7907216796435257,0.8494550005250987,0.75,1.0,0,0,0,0,0,1,0,1,0,1,0.509336174179066
543,0.3333333333333333,0.5427128086348242,1.0473189942805592,0.75,1.0,1,0,1,0,0,0,1,0,1,1,0.6907741817214935
544,0.0,0.6867945689470383,0.8948216004519626,0.75,1.0,0,0,1,0,0,0,1,1,0,1,0.5143374416159953
545,0.0,0.6428996567571409,1.1843631816589784,0.75,1.0,1,0,1,0,0,0,0,0,0,1,0.684030656057547
546,0.0,0.7439429218825834,0.74470206863586,0.075,1.0,1,0,0,0,0,0,1,1,0,0,0.4552549509933628
547,0.0,0.5983090401415504,1.1357686582581494,0.75,1.0,1,0,0,0,0,0,0,0,0,1,0.6205600657689541
548,0.0,0.9809642053448391,0.90113774335087,0.75,0.0,0,0,0,0,0,0,0,1,0,0,0.725558548983045
549,0.0,0.6459585609965269,0.9442677916098929,0.75,1.0,1,0,1,0,0,0,0,0,0,1,0.6964335127117259
550,0.6666666666666666,1.1714761690248527,1.1961516006209216,0.75,0.0,1,0,1,0,1,0,0,0,0,0,0.9370780138805265
551,0.3333333333333333,0.5918818575929607,0.9621974516591789,0.75,1.0,1,0,1,0,0,0,1,0,0,1,0.7061873915302016
552,0.3333333333333333,0.7398623162088701,1.1984926996651186,0.75,1.0,1,0,1,0,0,0,0,0,1,1,0.9312236023969194
553,0.0,0.5846493101966909,1.3006562479598713,0.75,0.0,1,0,1,0,0,0,1,0,1,0,0.6943522204298255
554,0.0,0.7815079751535478,1.0688454544534975,0.375,0.0,1,0,1,0,0,0,0,0,0,0,1.0708488169138333
555,0.3333333333333333,1.0393709570224194,0.23791759658551753,0.75,1.0,1,0,1,0,0,0,0,1,0,1,0.9214289649712815
556,0.0,0.624530661306405,0.7737264169059249,0.75,1.0,0,0,0,0,0,0,0,0,1,1,0.6178326859750531
557,1.0,1.4880532831374336,1.5885230389143743,0.75,1.0,1,0,1,0,1,0,0,1,0,1,1.2801796727116574
558,0.0,0.8266003781821597,1.2170267643156238,0.75,1.0,1,0,1,0,0,0,0,1,0,1,0.928047910919641
559,0.0,0.8696032398581821,1.304869885290794,0.75,1.0,0,0,1,0,0,0,0,1,0,1,0.9197673603753929
560,0.6666666666666666,0.7942905904926644,0.9321335611238337,0.75,1.0,1,0,1,0,0,0,1,1,0,1,0.555696708312259
561,0.3333333333333333,2.0322910992696417,2.319228761260689,0.75,1.0,0,0,1,0,1,0,0,1,0,1,1.8534906796805952
562,0.0,1.0930613494038073,1.419927788998302,0.75,1.0,1,0,1,0,0,0,0,0,0,1,1.082827935030108
563,0.0,1.078829198456144,1.0688454544534975,0.75,1.0,1,0,0,0,1,0,1,1,0,1,0.8347688956158877
564,0.6666666666666666,1.3785567047462453,1.5821702819025452,0.75,0.0,1,0,1,0,0,0,0,0,1,0,1.162516668901521
565,0.0,0.9100053819930561,1.0028239583923553,0.75,1.0,1,0,1,0,0,0,1,0,0,1,0.6455590240778778
566,0.0,0.7398623162088701,0.668226828860697,0.75,1.0,1,0,0,0,0,0,0,0,1,1,0.45051838248120885
567,1.0,0.7507610747717813,1.0197424501927208,0.75,0.0,1,0,1,0,0,0,0,0,0,0,0.8476182611558631
568,0.0,0.57002536883771,0.005026107623001418,0.75,1.0,0,0,0,0,0,0,0,0,1,0,0.25040007327945596
569,0.0,0.7121682131110096,0.9074142428510636,0.75,0.0,1,0,1,0,0,0,0,0,1,0,0.758196704057024
570,0.3333333333333333,0.7535076412728687,1.321549100266884,0.75,1.0,1,0,1,0,0,0,0,0,1,1,0.7493620956483444
571,0.0,0.995762186835124,1.2307053088294693,0.75,0.0,1,0,1,0,0,0,0,0,1,0,0.9293429287849767
572,0.6666666666666666,1.8969683024315227,1.6349243108573863,0.75,1.0,1,0,1,0,0,0,0,0,1,1,1.712410613427263
573,0.6666666666666666,1.116003735897856,1.3256757954866674,1.0,1.0,1,0,1,0,0,0,1,1,0,0,1.0596543932933706
574,1.0,1.1470677985690048,1.160361069382763,0.75,1.0,1,0,1,0,0,0,0,1,0,0,0.9102191447546244
575,0.6666666666666666,0.7109904656689698,0.9321335611238337,0.175,1.0,1,0,1,0,0,0,0,0,1,1,0.5035896434246142
576,0.0,0.6987952958565887,1.0899182742620022,0.75,0.0,0,1,1,0,0,0,0,1,0,0,0.7675073798176698
577,0.0,0.7227059828014896,0.9442677916098929,0.75,1.0,1,0,0,0,0,0,0,0,1,1,0.856262464275008
578,0.3333333333333333,0.44726417440992167,0.9260107806307384,0.75,1.0,1,0,1,0,0,0,0,0,0,1,0.5721430740472753
579,0.0,0.7148550099683271,1.2124253527687927,0.75,1.0,1,0,0,0,0,1,0,0,1,1,0.8727075347149704
580,0.6666666666666666,1.1615481981173643,1.3971844605523063,0.75,1.0,1,0,1,0,0,0,0,1,0,1,0.9261612497286937
581,0.0,0.45902888783063195,0.8157420488379745,0.75,1.0,1,0,0,0,0,0,0,0,1,0,2.4164774836521614
582,0.0,0.7121682131110096,0.3532193679040042,0.75,1.0,0,0,1,0,0,0,0,1,0,1,0.4182892288629183
583,0.3333333333333333,0.46851365946622836,0.5940118647847631,0.75,1.0,1,0,1,0,0,0,0,0,0,0,0.12763411154867882
584,0.3333333333333333,0.646317817698283,1.1407357614793525,0.75,0.0,1,0,1,0,0,0,0,0,0,0,0.6819233616711431
585,0.3333333333333333,0.8842914562407301,1.2619125665804638,0.175,1.0,1,0,1,0,0,0,0,0,0,0,1.010221594010484
586,0.0,0.554200244451656,0.9074142428510636,0.75,1.0,1,0,1,0,0,0,0,0,1,1,0.5388014806000121
587,0.0,0.5278621930486876,0.668226828860697,0.75,1.0,0,0,0,0,0,0,1,1,0,1,0.19972431373612928
588,0.0,0.9483073891431396,0.8428027225425222,0.75,1.0,0,1,0,0,0,0,0,1,0,1,0.6888307186744804
589,0.6666666666666666,0.6353020044141032,0.9198502806298471,0.75,0.0,1,0,1,0,1,0,0,1,0,0,0.3280380715024838
590,0.0,0.6838582419070228,0.550269925517185,0.375,1.0,1,0,1,0,0,0,0,1,0,1,0.9114176693945861
591,0.6666666666666666,1.101868905295361,1.3971844605523063,0.5,1.0,1,0,1,0,1,0,0,1,0,0,0.8603046129103662
592,1.0,1.4256180615213818,1.6850342559262137,0.75,1.0,0,1,0,0,1,0,0,1,0,1,1.2132059912361655
593,0.0,0.8223924084018992,1.1207175776935303,0.375,1.0,1,0,1,0,0,0,0,0,0,1,0.9966747929786137
594,0.0,1.8684903908994255,1.5885230389143743,0.75,1.0,1,0,1,0,1,0,0,0,1,1,1.682614010888516
595,0.0,0.8184690890742548,0.9442677916098929,0.75,1.0,1,0,0,0,0,0,1,0,0,1,0.5412326314229912
596,0.6666666666666666,1.1445611355304834,1.3256757954866674,0.75,1.0,1,0,1,0,1,0,1,0,0,0,1.0210143167304448
597,0.0,0.6816069832824525,0.8019320589476305,0.75,0.0,1,0,0,0,0,0,0,1,0,0,0.3825504094851597
598,0.0,1.4743374108364171,1.2964247807341902,0.75,1.0,1,0,1,0,1,0,0,0,0,1,1.2654926609736865
599,0.6666666666666666,1.0764957610039203,1.3460576281172343,0.75,1.0,1,0,1,0,0,0,0,0,1,1,0.832179090290994
600,1.0,0.09150142443901521,1.839256808395182,0.375,1.0,0,0,0,0,0,1,0,0,1,0,2.5738686537566626
601,0.0,0.6653522887227666,1.1843631816589784,0.75,1.0,1,0,1,0,0,1,1,0,0,1,0.8199163489656266
602,1.0,1.0674608449529832,1.0473189942805592,0.75,1.0,1,0,1,0,0,0,0,0,1,1,0.8221452464174375
603,0.0,0.7944454719699238,1.2619125665804638,0.75,1.0,1,0,0,0,0,0,0,0,0,1,1.082827935030108
604,0.3333333333333333,1.622618869766701,2.146565743225549,0.75,1.0,0,0,1,0,0,0,0,1,0,1,1.4235555872069663
605,0.0,0.5742806532541033,0.9621974516591789,0.375,1.0,1,0,1,0,0,0,1,0,1,0,0.8852044610312767
606,0.3333333333333333,0.7507610747717813,1.2662922954691163,0.75,1.0,1,0,1,0,0,0,0,1,0,1,0.8476182611558631
607,0.6666666666666666,0.8414859248049148,1.193805007968394,0.75,1.0,1,0,1,0,0,0,1,0,0,1,0.7813810524426587
608,0.0,0.7232050221610989,0.9321335611238337,0.75,1.0,1,0,1,0,0,0,0,0,0,1,0.7514726641498976
609,0.0,0.6664089896250673,0.6761429596510269,0.75,1.0,0,0,0,0,0,0,0,0,0,1,0.36470778076279614
610,1.0,0.8589157514128094,0.39585838746489205,0.375,1.0,1,0,1,0,0,0,0,0,0,1,0.5874956626041277
611,0.3333333333333333,1.3137190612957916,1.5661095496211506,0.75,1.0,1,0,1,0,0,0,0,0,1,1,1.1160747130139443
612,0.6666666666666666,1.2676160019017788,1.3256757954866674,0.75,1.0,1,0,1,0,0,0,0,0,1,1,1.0422564765236446
613,0.0,0.9258829679573655,1.074155436397785,0.75,0.0,0,0,0,0,1,0,0,1,0,0,0.6635228580314887
